ID,grade
3582,B
60498,B
53227,B
21333,B
3885,B
51521,B
84261,B
10685,B
59948,B
41032,B
25747,B
44303,B
83813,B
61991,B
49392,B
37116,B
65942,B
2216,B
81749,B
77996,B
30999,B
18294,B
81976,B
29876,B
85471,B
8959,B
70029,B
28324,B
50521,B
89741,B
8350,B
4655,B
90049,B
66296,B
35416,B
50253,B
46535,B
65667,B
56112,B
69884,B
69132,B
27954,B
45096,B
83141,B
7413,B
52692,B
27712,B
47173,B
47393,B
87379,B
54234,B
95572,B
1066,B
16820,B
55800,B
19767,B
54654,B
91959,B
46004,B
18632,B
92173,B
38806,B
3026,B
89926,B
40109,B
14664,B
43105,B
70847,B
64523,B
13303,B
22321,B
96669,B
822,B
67521,B
75286,B
14085,B
32500,B
73097,B
48652,B
90432,B
70715,B
98809,B
71060,B
16201,B
29565,B
43959,B
45976,B
57881,B
60515,B
11951,B
32239,B
1331,B
30578,B
80285,B
55407,B
95350,B
54177,B
63741,B
62122,B
26493,B
60005,B
74007,B
345,B
43895,B
15471,B
17226,B
31180,B
9221,B
38525,B
48805,B
66691,B
33411,B
24702,B
38259,B
65520,B
40280,B
85270,B
40425,B
30407,B
36017,B
24852,B
68371,B
32893,B
86902,B
66295,B
355,B
90756,B
45862,B
28100,B
94411,B
3854,B
39856,B
41824,B
16750,B
28809,B
94166,B
91124,B
61589,B
20823,B
43441,B
56613,B
52589,B
26549,B
35198,B
46955,B
21550,B
62616,B
78921,B
81448,B
69202,B
51265,B
12987,B
79336,B
23942,B
77445,B
42389,B
16047,B
23286,B
15264,B
43985,B
22072,B
70123,B
24951,B
32543,B
63373,B
83691,B
11216,B
34462,B
44808,B
6642,B
28167,B
42282,B
63064,B
21589,B
75351,B
57225,B
35206,B
69677,B
95690,B
46869,B
42790,B
46511,B
12868,B
42975,B
74099,B
43605,B
33518,B
7341,B
11980,B
22312,B
66408,B
78556,B
30510,B
86477,B
71890,B
74244,B
96072,B
66171,B
31186,B
36740,B
4084,B
54732,B
47751,B
44205,B
16479,B
52242,B
50216,B
56727,B
89805,B
54214,B
68685,B
73884,B
4425,B
55430,B
4904,B
71480,B
48845,B
77927,B
90720,B
76195,B
15630,B
19512,B
6026,B
42511,B
53234,B
65407,B
16150,B
59416,B
99940,B
34060,B
20159,B
30055,B
66922,B
1696,B
58952,B
86440,B
18476,B
76125,B
42020,B
43980,B
29449,B
49200,B
49135,B
34245,B
77921,B
57836,B
54644,B
91832,B
68783,B
14554,B
45428,B
91646,B
86976,B
94424,B
93158,B
53565,B
53124,B
77397,B
34187,B
35420,B
78266,B
31660,B
5088,B
94723,B
20500,B
27590,B
77439,B
30899,B
96911,B
18759,B
71812,B
48378,B
17974,B
61197,B
21657,B
78025,B
99961,B
57042,B
85544,B
45294,B
26155,B
8410,B
50538,B
60706,B
67573,B
77680,B
20498,B
81261,B
73987,B
62383,B
11607,B
67999,B
81530,B
8750,B
4368,B
41448,B
5159,B
83392,B
70870,B
28738,B
52384,B
64021,B
28305,B
28941,B
22324,B
94751,B
59801,B
65399,B
42618,B
10109,B
31886,B
18457,B
34841,B
96263,B
16685,B
30404,B
43364,B
96876,B
57498,B
73693,B
34442,B
86034,B
39561,B
64712,B
70485,B
26902,B
3731,B
44271,B
24653,B
81797,B
20513,B
61776,B
12277,B
16988,B
71932,B
24021,B
23779,B
61032,B
24548,B
76708,B
91238,B
16976,B
32970,B
81465,B
35815,B
69358,B
29492,B
35521,B
46995,B
13968,B
97721,B
58737,B
3297,B
5399,B
40678,B
64365,B
24484,B
23236,B
49450,B
31185,B
9299,B
44884,B
38059,B
35597,B
97087,B
184,B
68271,B
9258,B
25911,B
94673,B
78946,B
38721,B
68697,B
43338,B
22532,B
240,B
10186,B
56309,B
438,B
11271,B
92170,B
9232,B
99248,B
98038,B
16713,B
47092,B
81142,B
25970,B
96345,B
28417,B
76580,B
99035,B
49129,B
51135,B
75715,B
46484,B
35170,B
78185,B
20236,B
16847,B
21045,B
68708,B
16969,B
42125,B
51327,B
305,B
23795,B
51372,B
13653,B
86861,B
45803,B
72245,B
90785,B
63971,B
45539,B
13302,B
62451,B
12554,B
6071,B
96853,B
61853,B
87097,B
64519,B
12379,B
53956,B
68171,B
54633,B
32222,B
19364,B
99788,B
29207,B
66560,B
12656,B
87602,B
63760,B
89807,B
86006,B
49784,B
97718,B
21948,B
9160,B
89131,B
1422,B
29171,B
40820,B
38251,B
24796,B
97051,B
19397,B
46586,B
59720,B
72462,B
7886,B
17411,B
61545,B
29231,B
49277,B
30986,B
89216,B
81115,B
98316,B
47503,B
16844,B
42884,B
40360,B
76398,B
23436,B
30121,B
95676,B
10101,B
7838,B
3057,B
65184,B
84685,B
75506,B
70160,B
70590,B
95567,B
95501,B
48881,B
5616,B
43765,B
73747,B
86060,B
90875,B
72348,B
59314,B
26803,B
40276,B
986,B
63656,B
52174,B
57381,B
45893,B
68247,B
85653,B
19532,B
46696,B
83944,B
4690,B
97209,B
97337,B
54464,B
74706,B
80742,B
38625,B
78541,B
36170,B
22340,B
32409,B
19187,B
15005,B
75979,B
59974,B
32057,B
56196,B
26357,B
93241,B
71761,B
66261,B
60217,B
89093,B
63301,B
74832,B
90583,B
60078,B
68006,B
96161,B
34216,B
67794,B
52123,B
22969,B
81387,B
73543,B
82095,B
52670,B
92215,B
50345,B
94717,B
87574,B
61867,B
21170,B
68130,B
72706,B
59384,B
33252,B
89905,B
78217,B
41894,B
24818,B
89580,B
79935,B
94180,B
60528,B
43097,B
67697,B
16221,B
11631,B
20280,B
11224,B
14850,B
82232,B
56395,B
57015,B
75242,B
2930,B
3649,B
84317,B
79126,B
13064,B
24778,B
74084,B
25043,B
87128,B
31170,B
98516,B
1925,B
48076,B
71495,B
84117,B
22403,B
61426,B
54375,B
9928,B
81378,B
77836,B
51744,B
32530,B
7887,B
85841,B
49692,B
61981,B
3570,B
14000,B
88965,B
36788,B
1238,B
18412,B
20792,B
64195,B
97474,B
55223,B
75921,B
43124,B
37811,B
63865,B
50153,B
33982,B
79534,B
75236,B
46691,B
56540,B
73895,B
54437,B
13539,B
46006,B
44175,B
46328,B
60547,B
49471,B
53053,B
6219,B
98787,B
17301,B
6322,B
87220,B
73864,B
55655,B
6245,B
30476,B
64609,B
47462,B
35843,B
46658,B
74221,B
32890,B
37058,B
46408,B
55029,B
64625,B
95165,B
6045,B
55942,B
79486,B
93800,B
7642,B
65587,B
25588,B
46667,B
26328,B
30489,B
15133,B
62410,B
20526,B
76751,B
38270,B
57937,B
71201,B
24213,B
10272,B
19735,B
18413,B
69261,B
13584,B
5095,B
84965,B
28144,B
48835,B
71481,B
44136,B
72891,B
92723,B
74784,B
43965,B
97297,B
84599,B
85683,B
35241,B
76976,B
82633,B
87006,B
46353,B
19467,B
61615,B
63053,B
4725,B
11431,B
28464,B
15938,B
29631,B
35828,B
54970,B
65138,B
8127,B
41371,B
72686,B
12919,B
35408,B
3780,B
33373,B
1432,B
28162,B
63020,B
53265,B
72314,B
50132,B
52423,B
85503,B
41632,B
78640,B
88008,B
35688,B
44035,B
36023,B
44508,B
7484,B
94297,B
36382,B
22762,B
50946,B
74345,B
56675,B
87105,B
60805,B
36401,B
99758,B
89448,B
2408,B
41901,B
33347,B
26399,B
36128,B
24595,B
70337,B
44679,B
51312,B
10557,B
13461,B
74620,B
369,B
83001,B
48830,B
43506,B
52310,B
82438,B
80331,B
33757,B
42552,B
88894,B
60246,B
48158,B
33442,B
2377,B
9301,B
1531,B
84351,B
17178,B
90221,B
94553,B
11710,B
41431,B
3596,B
71502,B
65951,B
52886,B
67204,B
20921,B
77349,B
75297,B
75875,B
1657,B
15014,B
46826,B
1712,B
93810,B
19832,B
69973,B
54089,B
16270,B
50436,B
91075,B
42287,B
63073,B
4720,B
44351,B
9653,B
47939,B
43856,B
39391,B
35759,B
92855,B
63361,B
94720,B
60279,B
98797,B
66656,B
68968,B
23929,B
95095,B
20832,B
43173,B
53850,B
71074,B
31381,B
90146,B
83732,B
62321,B
47810,B
78041,B
17245,B
9679,B
20575,B
15799,B
52988,B
61190,B
83890,B
59057,B
6866,B
87796,B
7170,B
77565,B
41910,B
38222,B
41249,B
84514,B
48269,B
89458,B
82584,B
79419,B
49543,B
24175,B
82286,B
15429,B
88243,B
8619,B
57187,B
54862,B
95484,B
22378,B
37640,B
85265,B
6474,B
92505,B
63651,B
39147,B
60244,B
16737,B
2314,B
34068,B
33060,B
43667,B
57701,B
38402,B
9285,B
75336,B
82128,B
12778,B
54640,B
22681,B
67925,B
20228,B
94259,B
69628,B
78357,B
88048,B
54434,B
70864,B
29079,B
19237,B
82511,B
96412,B
49364,B
59856,B
11441,B
73986,B
13424,B
40791,B
68503,B
99726,B
73316,B
54251,B
83267,B
48402,B
37899,B
48677,B
5056,B
93163,B
8153,B
20430,B
77421,B
55670,B
69752,B
42682,B
6534,B
73101,B
11145,B
93219,B
37928,B
63412,B
11666,B
3311,B
96915,B
74799,B
93464,B
31167,B
48471,B
88992,B
70324,B
25369,B
7303,B
94744,B
15567,B
70668,B
29976,B
23812,B
71158,B
7322,B
24375,B
93376,B
18256,B
95922,B
38230,B
6,B
48771,B
48513,B
11491,B
50660,B
787,B
96017,B
12382,B
18515,B
74512,B
16709,B
25426,B
98896,B
20017,B
28084,B
48943,B
12832,B
30815,B
3787,B
10677,B
94554,B
4083,B
45213,B
16636,B
60159,B
98639,B
20221,B
46652,B
99466,B
64568,B
80457,B
47095,B
12658,B
90289,B
67599,B
22524,B
53635,B
28939,B
35001,B
33142,B
37271,B
9441,B
21159,B
61670,B
43519,B
46848,B
19572,B
14944,B
6470,B
20596,B
19714,B
4589,B
52920,B
13679,B
87177,B
75758,B
86165,B
39528,B
45241,B
21136,B
22284,B
32296,B
56637,B
34585,B
12991,B
55717,B
12585,B
38351,B
78930,B
82173,B
2324,B
38128,B
70024,B
3473,B
17858,B
97530,B
14492,B
82863,B
49563,B
49733,B
87086,B
97372,B
11049,B
85351,B
27506,B
66891,B
10561,B
31701,B
93752,B
11715,B
88595,B
365,B
16718,B
3786,B
48037,B
71959,B
52844,B
89047,B
85560,B
86147,B
22322,B
47285,B
93318,B
32201,B
27845,B
99076,B
9099,B
52230,B
60435,B
80428,B
57713,B
84995,B
86538,B
25608,B
60252,B
75172,B
19341,B
16555,B
87678,B
80254,B
51647,B
76917,B
55656,B
33316,B
37537,B
60277,B
98149,B
41676,B
8598,B
93617,B
30084,B
3481,B
23405,B
12559,B
89791,B
43132,B
49179,B
93873,B
79859,B
816,B
61649,B
68759,B
18766,B
60824,B
70002,B
56528,B
31752,B
58622,B
35687,B
22262,B
67223,B
24191,B
76932,B
56438,B
3368,B
20762,B
74630,B
55773,B
14148,B
49384,B
12321,B
57994,B
97866,B
35142,B
69392,B
50188,B
84220,B
9069,B
30611,B
94740,B
31965,B
12869,B
47161,B
18232,B
87730,B
19720,B
49480,B
58103,B
99386,B
85246,B
57461,B
14518,B
43858,B
96018,B
41438,B
21677,B
73936,B
8920,B
63095,B
88804,B
61817,B
15018,B
23760,B
32376,B
17509,B
10260,B
55327,B
81275,B
6775,B
25800,B
54760,B
32640,B
20745,B
73904,B
51290,B
29542,B
20371,B
99760,B
25517,B
81092,B
86476,B
32980,B
23855,B
24695,B
94671,B
82767,B
22804,B
81735,B
80583,B
98939,B
77050,B
2896,B
44133,B
21858,B
26092,B
33527,B
90347,B
13080,B
51984,B
80000,B
59371,B
89368,B
27127,B
93458,B
27176,B
65145,B
63459,B
45239,B
41534,B
28397,B
8337,B
385,B
80102,B
99436,B
67183,B
57166,B
32198,B
32103,B
52183,B
41836,B
13865,B
97901,B
36206,B
27323,B
74821,B
78135,B
69604,B
98472,B
26392,B
47687,B
3358,B
40417,B
65797,B
95950,B
77957,B
91768,B
8807,B
78247,B
17277,B
82433,B
18485,B
8174,B
97571,B
82096,B
55757,B
90611,B
8296,B
96863,B
66361,B
31736,B
58441,B
81785,B
76244,B
99706,B
28524,B
31201,B
6063,B
35318,B
49702,B
98891,B
35285,B
41176,B
62193,B
70782,B
37632,B
77192,B
15842,B
50485,B
31895,B
79354,B
29100,B
48987,B
41850,B
18785,B
3437,B
44903,B
76387,B
89643,B
42407,B
63125,B
66256,B
58326,B
87939,B
90126,B
10309,B
34325,B
40667,B
28686,B
69831,B
94169,B
95773,B
41520,B
44276,B
65439,B
18557,B
72116,B
18224,B
31151,B
52762,B
34425,B
4836,B
37168,B
85078,B
62742,B
52216,B
10990,B
67097,B
73127,B
57780,B
77039,B
18829,B
98856,B
95631,B
55115,B
37680,B
93651,B
56267,B
94243,B
30565,B
2349,B
22917,B
63560,B
27030,B
11783,B
54517,B
3239,B
10879,B
72867,B
28636,B
2891,B
90725,B
32721,B
41157,B
22810,B
87118,B
62736,B
85042,B
13797,B
4800,B
21837,B
50752,B
10281,B
87989,B
17315,B
32760,B
37430,B
79886,B
8046,B
86355,B
93709,B
93648,B
72993,B
23153,B
85569,B
61657,B
7194,B
59049,B
88861,B
37723,B
69591,B
35940,B
9136,B
49759,B
51604,B
37539,B
45850,B
92553,B
21691,B
28720,B
68397,B
64601,B
19236,B
59644,B
77199,B
25233,B
88379,B
29953,B
19272,B
9555,B
80463,B
86916,B
37744,B
33361,B
40295,B
26820,B
97973,B
20654,B
44138,B
19923,B
67931,B
75695,B
8600,B
68837,B
12708,B
27907,B
76652,B
21328,B
98612,B
70242,B
98361,B
21420,B
9807,B
30599,B
45280,B
8990,B
16775,B
53162,B
28115,B
15531,B
57126,B
27679,B
84963,B
18819,B
16178,B
61355,B
69622,B
4449,B
3237,B
75965,B
44812,B
84457,B
43462,B
44409,B
89825,B
16131,B
73405,B
75727,B
25270,B
87864,B
60333,B
51865,B
67739,B
62204,B
75153,B
52013,B
44607,B
79412,B
99166,B
15310,B
42895,B
37840,B
79103,B
73648,B
78512,B
34806,B
66368,B
3221,B
32671,B
86037,B
46323,B
79097,B
16532,B
87106,B
38442,B
85227,B
10025,B
56241,B
81218,B
59290,B
89963,B
69227,B
59520,B
85756,B
89226,B
82885,B
13301,B
30851,B
43524,B
65740,B
90170,B
12482,B
10612,B
26866,B
6505,B
64645,B
96151,B
84986,B
37815,B
49728,B
36071,B
22021,B
35997,B
72338,B
33581,B
36127,B
63528,B
98792,B
33360,B
6033,B
49623,B
33984,B
66595,B
14417,B
38398,B
93921,B
92009,B
44021,B
41841,B
24499,B
5737,B
33263,B
49707,B
16069,B
63923,B
30217,B
20805,B
78672,B
51279,B
6795,B
99018,B
66470,B
91358,B
88027,B
90963,B
67000,B
61567,B
87370,B
1725,B
18816,B
78582,B
55356,B
85597,B
96411,B
14346,B
51952,B
86579,B
15446,B
98884,B
80795,B
56504,B
70585,B
53131,B
99943,B
22745,B
52949,B
2080,B
69206,B
19972,B
25471,B
98700,B
61031,B
87264,B
65781,B
24077,B
56994,B
94736,B
24089,B
15755,B
25,B
35680,B
77345,B
79433,B
72153,B
85287,B
98593,B
69998,B
87515,B
12414,B
52666,B
70482,B
76607,B
28783,B
75896,B
34019,B
43307,B
74154,B
25476,B
74041,B
80120,B
47677,B
74953,B
59327,B
49531,B
4363,B
918,B
4216,B
74200,B
56069,B
37411,B
77722,B
86894,B
23409,B
60727,B
95420,B
79357,B
88195,B
5935,B
32824,B
6490,B
10590,B
10725,B
47639,B
75456,B
97424,B
88169,B
70363,B
59986,B
30735,B
56836,B
57156,B
77080,B
91562,B
89613,B
4801,B
81552,B
30185,B
6680,B
22694,B
19420,B
68739,B
53952,B
58204,B
95959,B
11698,B
93613,B
92367,B
66558,B
93027,B
46342,B
18508,B
28606,B
6947,B
47156,B
37610,B
80864,B
62202,B
6753,B
11341,B
61602,B
20061,B
89495,B
18049,B
44433,B
72644,B
6703,B
60013,B
36182,B
57835,B
63945,B
97054,B
55046,B
2648,B
45195,B
54972,B
62482,B
52,B
96350,B
57904,B
11744,B
52585,B
53940,B
73639,B
57485,B
77433,B
65773,B
28386,B
29202,B
66168,B
70892,B
92514,B
14319,B
75023,B
68287,B
58752,B
58478,B
69061,B
48006,B
50805,B
17348,B
51418,B
91027,B
2463,B
17554,B
79592,B
72222,B
38254,B
69674,B
4992,B
36769,B
95035,B
18135,B
82601,B
28275,B
60917,B
63019,B
5081,B
45131,B
4490,B
47809,B
88366,B
81950,B
75936,B
69222,B
96532,B
92982,B
20660,B
91148,B
80735,B
89008,B
33093,B
613,B
71385,B
91515,B
47499,B
44770,B
66971,B
24267,B
66896,B
24912,B
88431,B
42967,B
7794,B
65947,B
78373,B
43093,B
76236,B
51701,B
71415,B
61815,B
49306,B
22701,B
29404,B
98857,B
64040,B
60955,B
8258,B
78321,B
93470,B
93819,B
47756,B
92851,B
94342,B
38514,B
86426,B
8854,B
21478,B
31056,B
97053,B
3729,B
33623,B
47893,B
46452,B
13518,B
63390,B
17370,B
45018,B
69909,B
3398,B
83191,B
64384,B
76261,B
34545,B
66975,B
12734,B
75548,B
53172,B
28848,B
80557,B
73406,B
24637,B
30983,B
56777,B
79761,B
37153,B
46181,B
92376,B
26,B
15682,B
98656,B
56965,B
56206,B
60800,B
8364,B
50747,B
45740,B
79286,B
74241,B
28483,B
61323,B
94467,B
43566,B
43794,B
15109,B
95327,B
9698,B
83624,B
91096,B
49292,B
14258,B
3126,B
13426,B
53392,B
31933,B
47745,B
94500,B
20150,B
67419,B
2055,B
8963,B
83827,B
68148,B
48855,B
93989,B
55127,B
62751,B
61785,B
90026,B
98467,B
14263,B
60834,B
12806,B
75033,B
9925,B
64867,B
71159,B
76542,B
70221,B
60305,B
78606,B
5061,B
28015,B
22329,B
4644,B
90740,B
60685,B
54364,B
7016,B
58757,B
52089,B
43784,B
61717,B
14844,B
61395,B
7647,B
74433,B
79849,B
35487,B
21694,B
76057,B
19996,B
92765,B
82222,B
86780,B
23387,B
7864,B
14136,B
1879,B
23219,B
22647,B
89554,B
6651,B
54062,B
26191,B
33579,B
50759,B
63734,B
50050,B
57379,B
54688,B
50598,B
98117,B
51539,B
21648,B
70397,B
16683,B
28113,B
28592,B
14318,B
10436,B
76498,B
9837,B
48228,B
79920,B
28539,B
17433,B
1155,B
51597,B
53694,B
78021,B
69513,B
24624,B
81062,B
41049,B
17851,B
97177,B
33517,B
15548,B
96125,B
39213,B
87998,B
11682,B
83005,B
50255,B
81997,B
9613,B
68802,B
51278,B
72356,B
97739,B
40124,B
14069,B
55222,B
75746,B
71704,B
66449,B
39065,B
2636,B
67984,B
38600,B
5423,B
43904,B
72677,B
11898,B
698,B
3942,B
2805,B
61764,B
65730,B
85829,B
92141,B
85008,B
39337,B
1353,B
64524,B
95286,B
37630,B
26110,B
13375,B
54492,B
18137,B
92822,B
95721,B
91469,B
31242,B
23676,B
4414,B
81876,B
6259,B
13963,B
44538,B
8384,B
8393,B
59918,B
48280,B
10509,B
64932,B
44031,B
98053,B
62974,B
38837,B
55533,B
72897,B
574,B
15789,B
43606,B
25833,B
29385,B
41664,B
43737,B
59933,B
6062,B
50944,B
74795,B
24423,B
932,B
27462,B
47548,B
22707,B
97743,B
11005,B
7338,B
5390,B
35354,B
80394,B
53703,B
72828,B
11579,B
57101,B
26827,B
48007,B
48300,B
67543,B
23602,B
78029,B
82413,B
38749,B
82060,B
36166,B
66333,B
96860,B
92864,B
50690,B
75257,B
89189,B
44755,B
62177,B
90316,B
61029,B
36299,B
19032,B
97947,B
4661,B
43725,B
25016,B
92207,B
25422,B
67190,B
80333,B
47045,B
24872,B
51542,B
68000,B
88058,B
16791,B
69083,B
1514,B
79042,B
57798,B
87156,B
85420,B
28806,B
59046,B
91958,B
47560,B
83462,B
47688,B
879,B
44302,B
64045,B
66950,B
64461,B
13962,B
79303,B
57110,B
87905,B
87851,B
79673,B
78056,B
75484,B
47423,B
66012,B
49064,B
62298,B
78708,B
7773,B
64236,B
43239,B
21249,B
86100,B
32000,B
84288,B
70028,B
97502,B
43498,B
9960,B
52566,B
96970,B
33192,B
52074,B
93531,B
95967,B
99298,B
4517,B
81131,B
73837,B
66771,B
52262,B
54800,B
29000,B
6484,B
66596,B
22514,B
22127,B
69753,B
57709,B
98119,B
91173,B
91249,B
44365,B
1194,B
39400,B
68283,B
89911,B
36287,B
66097,B
4341,B
81396,B
82607,B
1336,B
28225,B
56615,B
55303,B
39500,B
42939,B
1591,B
57438,B
59841,B
51708,B
33225,B
25722,B
86340,B
75692,B
19711,B
46852,B
9949,B
88745,B
74158,B
86051,B
95025,B
56898,B
48630,B
42543,B
13201,B
43872,B
51475,B
17803,B
21781,B
32870,B
8888,B
375,B
2008,B
6469,B
83576,B
97558,B
53966,B
95208,B
56669,B
97810,B
89377,B
17387,B
18101,B
24037,B
53775,B
98416,B
36051,B
16065,B
20342,B
55866,B
8771,B
32120,B
93636,B
65902,B
55750,B
8022,B
62578,B
7191,B
73785,B
85460,B
48486,B
46377,B
84737,B
88607,B
4124,B
36331,B
5976,B
32661,B
92089,B
83488,B
33125,B
12124,B
61235,B
31437,B
61852,B
44329,B
79519,B
44372,B
96747,B
21131,B
20169,B
57360,B
54243,B
89681,B
91803,B
9509,B
88390,B
78310,B
73219,B
47086,B
1319,B
95269,B
67661,B
13085,B
19330,B
36543,B
72560,B
38509,B
37459,B
63538,B
36242,B
33751,B
26730,B
59128,B
7576,B
67937,B
8851,B
47535,B
51082,B
45830,B
27560,B
46077,B
72110,B
99756,B
50882,B
52266,B
50987,B
67950,B
4446,B
41325,B
36062,B
24846,B
29973,B
75395,B
71613,B
68531,B
5701,B
73118,B
8154,B
12992,B
33849,B
14360,B
63484,B
32806,B
45188,B
61406,B
6835,B
13996,B
81161,B
16883,B
63611,B
87759,B
60365,B
40756,B
3593,B
42571,B
64387,B
33111,B
98945,B
97462,B
34328,B
28572,B
94036,B
83131,B
15635,B
54007,B
66817,B
88604,B
37298,B
39871,B
39067,B
801,B
20629,B
86158,B
20768,B
53318,B
17490,B
13105,B
54386,B
63221,B
40649,B
42080,B
18228,B
4439,B
45522,B
20802,B
23604,B
30033,B
68346,B
49348,B
48439,B
29621,B
34811,B
51894,B
2245,B
69124,B
47344,B
71387,B
70360,B
87054,B
93733,B
35846,B
51962,B
56226,B
20334,B
93668,B
95452,B
6271,B
34197,B
12243,B
6903,B
21685,B
40239,B
18770,B
92358,B
55288,B
32262,B
49791,B
9045,B
29189,B
88970,B
93537,B
3613,B
68469,B
26267,B
63748,B
10995,B
20936,B
1448,B
46971,B
41185,B
67625,B
27404,B
59324,B
46847,B
42015,B
93845,B
24383,B
77594,B
23184,B
82445,B
24466,B
46416,B
92156,B
98151,B
39429,B
93303,B
75529,B
54207,B
90152,B
76864,B
17674,B
74508,B
73152,B
77412,B
71037,B
77548,B
21532,B
45050,B
47157,B
51522,B
17896,B
40940,B
55440,B
8243,B
33022,B
24705,B
3858,B
74550,B
92739,B
72482,B
83181,B
53132,B
41818,B
69494,B
82004,B
54409,B
34802,B
16208,B
39334,B
98138,B
43772,B
76268,B
89424,B
58209,B
4356,B
86846,B
61375,B
90779,B
43126,B
19676,B
45323,B
70072,B
13833,B
95925,B
20810,B
22078,B
90303,B
42073,B
74991,B
26683,B
74556,B
17835,B
2067,B
26717,B
56832,B
54696,B
65812,B
61856,B
83652,B
10429,B
71950,B
18477,B
76315,B
16978,B
57576,B
60064,B
79788,B
28528,B
22504,B
51136,B
5723,B
65362,B
5749,B
45746,B
54570,B
49508,B
65380,B
68663,B
30374,B
26408,B
13947,B
6016,B
28230,B
65091,B
19421,B
33794,B
54718,B
85513,B
47349,B
16279,B
18367,B
57813,B
51206,B
23848,B
43249,B
21242,B
97559,B
49800,B
79166,B
80234,B
33108,B
74828,B
27531,B
73479,B
26685,B
19325,B
52536,B
12174,B
9596,B
87761,B
47277,B
3108,B
28314,B
4127,B
67391,B
69421,B
69611,B
8834,B
33520,B
64485,B
63962,B
30777,B
41966,B
36872,B
42583,B
53762,B
37121,B
68506,B
56122,B
97282,B
98122,B
93011,B
41596,B
30856,B
22401,B
12221,B
3909,B
77544,B
39470,B
17593,B
26933,B
88755,B
46498,B
72720,B
51420,B
46135,B
49148,B
7580,B
86431,B
46835,B
79211,B
33714,B
93070,B
38146,B
67855,B
21406,B
77242,B
35226,B
34365,B
96167,B
71590,B
9858,B
33542,B
63647,B
19573,B
97489,B
44422,B
80436,B
47710,B
57184,B
89902,B
2319,B
53211,B
4128,B
87087,B
88015,B
866,B
61697,B
38249,B
58633,B
52243,B
96533,B
36205,B
90011,B
98012,B
18497,B
77622,B
28974,B
21869,B
14270,B
62465,B
99669,B
41150,B
82545,B
4022,B
17676,B
31946,B
96993,B
63562,B
26086,B
57938,B
17174,B
56912,B
81885,B
77153,B
47475,B
56901,B
61587,B
4292,B
97593,B
91779,B
54820,B
7244,B
50910,B
28002,B
71228,B
66784,B
32430,B
23195,B
72622,B
54995,B
79775,B
25897,B
95740,B
46588,B
10069,B
45095,B
73520,B
22433,B
27005,B
35311,B
11902,B
86519,B
98488,B
5877,B
13438,B
74609,B
6611,B
16951,B
89318,B
23535,B
84390,B
87744,B
15011,B
6543,B
88681,B
34746,B
6472,B
63787,B
21830,B
90863,B
4419,B
9565,B
88304,B
65570,B
83793,B
83551,B
28990,B
43576,B
5762,B
66545,B
38951,B
9351,B
48094,B
29528,B
88116,B
30699,B
62456,B
58705,B
63641,B
7466,B
22212,B
64297,B
27595,B
48183,B
59153,B
70133,B
76488,B
31013,B
77970,B
83766,B
34218,B
25532,B
22342,B
81219,B
8329,B
98413,B
28858,B
41455,B
382,B
62617,B
97562,B
31474,B
6595,B
60411,B
83610,B
3946,B
67416,B
9692,B
22275,B
77416,B
47478,B
98777,B
61372,B
12009,B
67885,B
13150,B
19971,B
80004,B
8749,B
60383,B
31122,B
82818,B
75391,B
78343,B
56689,B
83230,B
77200,B
95051,B
21806,B
58915,B
69520,B
35155,B
96157,B
22348,B
48949,B
44791,B
85139,B
51644,B
82235,B
66914,B
38663,B
3243,B
89662,B
70326,B
20035,B
51149,B
19307,B
52057,B
38968,B
64359,B
81660,B
46357,B
3241,B
79100,B
47896,B
79870,B
32165,B
88011,B
13234,B
55113,B
62227,B
41186,B
11412,B
38491,B
70437,B
85146,B
14870,B
86854,B
21983,B
17416,B
78258,B
89517,B
10539,B
38344,B
18647,B
47675,B
33736,B
65028,B
84684,B
20089,B
34327,B
42562,B
46946,B
43736,B
77760,B
74592,B
94364,B
41081,B
1751,B
97541,B
97073,B
73530,B
64346,B
69766,B
84620,B
65023,B
54695,B
30256,B
19072,B
35368,B
27922,B
5517,B
10699,B
92528,B
64865,B
32453,B
15532,B
46282,B
87581,B
68551,B
98342,B
57282,B
17860,B
16432,B
30630,B
7957,B
76226,B
19250,B
67733,B
46003,B
95761,B
41329,B
30744,B
62186,B
66662,B
12807,B
32338,B
81029,B
29927,B
34434,B
74047,B
9246,B
97454,B
99533,B
1602,B
17983,B
49937,B
56,B
17252,B
46950,B
85611,B
61912,B
60248,B
54199,B
1481,B
20457,B
16795,B
61070,B
71021,B
85600,B
8320,B
95981,B
99951,B
37286,B
91935,B
21438,B
6051,B
94340,B
95466,B
64416,B
57357,B
96528,B
75305,B
42290,B
2201,B
1057,B
58777,B
9333,B
92966,B
69997,B
95295,B
60676,B
93078,B
59162,B
2749,B
26860,B
9768,B
56531,B
68946,B
66644,B
41331,B
14974,B
94872,B
88649,B
69441,B
59310,B
53412,B
32693,B
40106,B
21635,B
82585,B
47527,B
4953,B
54025,B
47572,B
187,B
8091,B
1623,B
51482,B
25251,B
10563,B
7989,B
36755,B
57568,B
89577,B
85744,B
67033,B
54079,B
77428,B
24896,B
464,B
60245,B
91302,B
98630,B
29560,B
43183,B
64554,B
57952,B
10744,B
43072,B
99075,B
54811,B
34905,B
49581,B
30749,B
9461,B
24492,B
40104,B
80944,B
10152,B
82704,B
94130,B
78332,B
13592,B
12858,B
8441,B
61678,B
19538,B
76401,B
66523,B
17828,B
48258,B
87150,B
80801,B
74175,B
40495,B
72903,B
16911,B
58437,B
12202,B
86611,B
2880,B
17198,B
50517,B
21688,B
5611,B
10461,B
57222,B
86275,B
88378,B
68808,B
60397,B
3573,B
32915,B
40891,B
37672,B
98900,B
58680,B
74467,B
1218,B
81895,B
58713,B
32913,B
40549,B
50766,B
98580,B
63754,B
16314,B
10606,B
40005,B
3539,B
12687,B
71465,B
30349,B
16213,B
49772,B
27991,B
39440,B
37040,B
5937,B
57313,B
30237,B
60050,B
77404,B
52334,B
48503,B
20357,B
36254,B
84893,B
68664,B
24005,B
86636,B
75151,B
26886,B
31610,B
54273,B
32658,B
52903,B
95451,B
55935,B
5892,B
95004,B
74085,B
24893,B
12972,B
82091,B
57074,B
43595,B
33422,B
46398,B
45827,B
27202,B
6785,B
68707,B
44254,B
73880,B
32347,B
88875,B
55074,B
71797,B
12190,B
43347,B
23294,B
5530,B
47051,B
15537,B
33403,B
22659,B
85637,B
62012,B
85428,B
18893,B
68212,B
99519,B
60799,B
18768,B
22570,B
60844,B
65427,B
97327,B
78579,B
66892,B
13892,B
96631,B
12276,B
17733,B
66579,B
2091,B
63516,B
3834,B
78819,B
86199,B
91558,B
32393,B
55896,B
13401,B
21165,B
27274,B
93505,B
44914,B
37576,B
54420,B
24034,B
90151,B
12789,B
40938,B
26536,B
99880,B
93579,B
69113,B
14689,B
11752,B
24971,B
20990,B
962,B
23579,B
9567,B
32677,B
16875,B
47844,B
88416,B
72455,B
10889,B
44066,B
23124,B
91223,B
99158,B
64512,B
8113,B
80015,B
860,B
57601,B
84362,B
91015,B
19891,B
91810,B
53385,B
78970,B
2995,B
53852,B
72206,B
51201,B
26352,B
88513,B
4507,B
61894,B
56988,B
60769,B
64707,B
72464,B
95980,B
2830,B
34601,B
47614,B
3693,B
96800,B
89964,B
12333,B
45811,B
66234,B
81753,B
99584,B
91225,B
47683,B
36180,B
26141,B
84050,B
20461,B
86479,B
51382,B
16757,B
98211,B
76847,B
82660,B
81026,B
25399,B
4770,B
65208,B
68903,B
46086,B
75748,B
65661,B
25406,B
28631,B
98948,B
95774,B
19461,B
94727,B
47410,B
38765,B
48241,B
45006,B
95381,B
97868,B
21719,B
64930,B
14618,B
60351,B
34388,B
72822,B
76293,B
13362,B
79614,B
83938,B
16769,B
68374,B
93407,B
85254,B
88836,B
93913,B
64974,B
99094,B
10390,B
90358,B
67541,B
93904,B
7677,B
95442,B
13314,B
73300,B
53465,B
36157,B
51929,B
86877,B
58401,B
18202,B
60840,B
54395,B
50377,B
83408,B
57125,B
82637,B
40932,B
77033,B
6697,B
17701,B
24774,B
2778,B
34427,B
18907,B
70547,B
51050,B
88430,B
63028,B
22741,B
35230,B
42769,B
76672,B
5757,B
75353,B
33261,B
41864,B
37645,B
80937,B
15612,B
57328,B
5214,B
16950,B
69937,B
13372,B
73308,B
48251,B
47705,B
7040,B
56611,B
12935,B
90339,B
16677,B
25856,B
94894,B
93729,B
13754,B
78111,B
65152,B
49125,B
18841,B
66121,B
28207,B
79001,B
92356,B
34116,B
70291,B
20968,B
56726,B
27949,B
69108,B
75246,B
19821,B
34454,B
27412,B
16313,B
8528,B
31268,B
42130,B
9092,B
33906,B
20074,B
87479,B
71040,B
52876,B
28278,B
5930,B
44980,B
71492,B
11026,B
19861,B
61337,B
82205,B
63327,B
77177,B
52206,B
531,B
79183,B
55488,B
5430,B
11143,B
28867,B
80936,B
28449,B
1991,B
62108,B
25283,B
46648,B
34621,B
89863,B
14071,B
47383,B
98741,B
19940,B
70569,B
27996,B
12492,B
32555,B
44926,B
58518,B
66199,B
26505,B
57885,B
12679,B
28984,B
8609,B
69098,B
6561,B
28667,B
28484,B
61829,B
14810,B
29258,B
25678,B
46020,B
25611,B
21250,B
26775,B
41128,B
53398,B
7849,B
27301,B
51286,B
4895,B
14201,B
4927,B
88093,B
31141,B
74250,B
53801,B
69062,B
16845,B
20641,B
21445,B
66795,B
57312,B
22773,B
3163,B
39934,B
72682,B
14369,B
7750,B
44440,B
40582,B
43975,B
88963,B
76470,B
26544,B
89721,B
13422,B
36381,B
91681,B
28317,B
71642,B
4551,B
714,B
69757,B
54960,B
20095,B
81454,B
35806,B
59212,B
65139,B
4771,B
80261,B
33129,B
71670,B
75415,B
6698,B
83471,B
63241,B
60561,B
28034,B
74824,B
95164,B
87594,B
27115,B
90408,B
96282,B
87725,B
62019,B
76801,B
57817,B
68599,B
40462,B
41258,B
1715,B
28743,B
4196,B
92578,B
57367,B
15589,B
91698,B
50453,B
37984,B
91701,B
93988,B
34493,B
14055,B
26099,B
78317,B
78316,B
15496,B
37007,B
7006,B
77741,B
18373,B
36118,B
36194,B
11959,B
56127,B
23643,B
30192,B
75127,B
30620,B
40900,B
57147,B
99748,B
84795,B
66801,B
97967,B
39547,B
27736,B
69630,B
74782,B
45883,B
30113,B
96501,B
87447,B
62874,B
84769,B
49739,B
86503,B
3391,B
87820,B
47664,B
99364,B
31937,B
19498,B
89985,B
40136,B
38714,B
16167,B
94093,B
34840,B
57878,B
68602,B
52157,B
12231,B
82320,B
67372,B
15297,B
30101,B
23969,B
17420,B
67012,B
6069,B
15647,B
37543,B
50596,B
75525,B
84153,B
37377,B
2499,B
65466,B
48853,B
22387,B
47502,B
79236,B
14776,B
4681,B
13227,B
32881,B
31177,B
88213,B
31878,B
46090,B
92058,B
28438,B
48171,B
73086,B
97957,B
4448,B
62391,B
96235,B
46419,B
64430,B
15029,B
65338,B
62389,B
49636,B
37366,B
95313,B
86537,B
40751,B
80140,B
10956,B
64009,B
84124,B
16265,B
22928,B
23297,B
40760,B
85330,B
91105,B
14061,B
77173,B
97879,B
61513,B
83258,B
29888,B
76888,B
16276,B
48275,B
81964,B
90268,B
8391,B
41342,B
1122,B
47377,B
34532,B
83324,B
2611,B
92919,B
10428,B
56967,B
48773,B
51784,B
76679,B
11819,B
13639,B
22648,B
65207,B
36620,B
57620,B
74297,B
73496,B
94375,B
302,B
73930,B
1828,B
91533,B
17914,B
13263,B
5807,B
7471,B
76249,B
11163,B
17757,B
86075,B
19112,B
34318,B
2526,B
45823,B
4091,B
78249,B
12941,B
17397,B
16110,B
8209,B
32410,B
59716,B
71419,B
13428,B
75980,B
66473,B
93194,B
98236,B
97194,B
59399,B
68952,B
79773,B
45277,B
30100,B
89228,B
32313,B
20577,B
17429,B
98508,B
17139,B
24604,B
96924,B
8373,B
91864,B
24464,B
83437,B
92698,B
75876,B
92868,B
1059,B
10325,B
13866,B
52101,B
99077,B
18418,B
46992,B
49334,B
13181,B
84370,B
76887,B
29513,B
58174,B
46168,B
62987,B
9634,B
11046,B
87829,B
53540,B
47414,B
79026,B
50296,B
22222,B
77981,B
38150,B
6973,B
32147,B
85877,B
2194,B
86615,B
39293,B
55620,B
57154,B
18337,B
97320,B
58383,B
22903,B
21775,B
32728,B
51691,B
55459,B
58315,B
91475,B
5044,B
65,B
98519,B
66354,B
68671,B
66736,B
85795,B
60205,B
55566,B
89400,B
83286,B
21891,B
93459,B
56179,B
43416,B
19662,B
98757,B
67968,B
79623,B
68548,B
59780,B
17770,B
92540,B
79346,B
18947,B
86193,B
52402,B
82723,B
45102,B
85897,B
682,B
57946,B
42934,B
66341,B
7384,B
47362,B
96583,B
96391,B
20055,B
17273,B
8309,B
55683,B
8534,B
92261,B
25589,B
80005,B
78624,B
82012,B
25490,B
64877,B
80715,B
32689,B
91582,B
75763,B
33501,B
59106,B
34612,B
42054,B
73811,B
40698,B
88926,B
80279,B
9381,B
31825,B
92521,B
10363,B
59161,B
78422,B
16296,B
92475,B
7579,B
43957,B
42638,B
11205,B
37611,B
85193,B
35006,B
38789,B
47783,B
81643,B
10387,B
82615,B
7857,B
79440,B
78419,B
61106,B
16496,B
83840,B
89498,B
94883,B
36643,B
40827,B
25120,B
53908,B
6838,B
76902,B
46036,B
10000,B
82934,B
18315,B
61346,B
53258,B
9394,B
89534,B
95464,B
80260,B
2002,B
28564,B
55587,B
99170,B
16041,B
54282,B
60175,B
60055,B
40564,B
41769,B
71446,B
97616,B
86429,B
36246,B
9207,B
11234,B
5717,B
73231,B
33971,B
10234,B
33085,B
26132,B
85044,B
76364,B
15690,B
99363,B
16781,B
71748,B
53906,B
19264,B
83988,B
75016,B
39475,B
67654,B
53941,B
47545,B
2867,B
14903,B
8463,B
25537,B
2767,B
79152,B
46520,B
48056,B
8597,B
34165,B
59264,B
90207,B
96748,B
19291,B
41340,B
81499,B
75750,B
75962,B
46683,B
42830,B
65946,B
95791,B
62576,B
85793,B
89096,B
93559,B
69463,B
5573,B
34717,B
25047,B
30586,B
48116,B
41512,B
74615,B
45642,B
70703,B
17766,B
1811,B
76658,B
40397,B
3468,B
21216,B
53372,B
77142,B
29141,B
75908,B
37263,B
63798,B
80155,B
53945,B
36867,B
87436,B
2784,B
1870,B
16773,B
78087,B
57047,B
24164,B
16006,B
33948,B
44883,B
45288,B
96023,B
6495,B
44733,B
16535,B
61944,B
20237,B
18916,B
10130,B
17966,B
41788,B
8317,B
63502,B
2686,B
10711,B
99459,B
62795,B
26616,B
81557,B
40774,B
1167,B
13522,B
93932,B
97500,B
328,B
79923,B
80682,B
75295,B
90994,B
72194,B
96757,B
56797,B
34329,B
61416,B
70194,B
14990,B
99981,B
20789,B
42526,B
74293,B
7770,B
31836,B
48684,B
64569,B
9810,B
25801,B
83472,B
21547,B
85137,B
17677,B
29101,B
14873,B
93436,B
58365,B
74735,B
80076,B
48004,B
18175,B
13138,B
35734,B
6783,B
34002,B
88271,B
7222,B
3261,B
88085,B
49368,B
76564,B
24788,B
23780,B
10452,B
30569,B
12402,B
96513,B
47737,B
64350,B
76335,B
38905,B
40073,B
69334,B
51137,B
4438,B
76186,B
32253,B
85933,B
5528,B
95607,B
34694,B
63670,B
56958,B
72606,B
6196,B
278,B
70607,B
25662,B
44037,B
70748,B
88821,B
45364,B
45299,B
7059,B
95687,B
67242,B
50364,B
934,B
69424,B
41193,B
93575,B
22968,B
58372,B
53970,B
10521,B
22832,B
19513,B
79521,B
44431,B
24223,B
98904,B
73075,B
9741,B
18414,B
44362,B
91383,B
59595,B
88202,B
43740,B
39462,B
76061,B
61740,B
99372,B
57106,B
30940,B
35197,B
48399,B
42897,B
88873,B
75718,B
83361,B
77867,B
56491,B
1954,B
82446,B
4141,B
59903,B
83101,B
80277,B
11434,B
5161,B
48154,B
94107,B
13899,B
87650,B
13396,B
10837,B
49832,B
58319,B
19846,B
92463,B
50005,B
34942,B
81398,B
15291,B
20532,B
83876,B
52118,B
26593,B
76531,B
2476,B
30531,B
89839,B
96983,B
62445,B
8245,B
86860,B
16758,B
62844,B
63392,B
25142,B
95366,B
53526,B
62797,B
22760,B
4561,B
58671,B
501,B
660,B
26288,B
13575,B
63174,B
3427,B
26821,B
59096,B
55858,B
78658,B
40453,B
7402,B
88557,B
72332,B
45509,B
35488,B
69852,B
86781,B
26540,B
54879,B
33600,B
96998,B
27733,B
96869,B
30086,B
41696,B
25196,B
49554,B
30568,B
69932,B
69131,B
10918,B
89201,B
56923,B
49927,B
65530,B
66756,B
34560,B
80519,B
5820,B
25335,B
2550,B
45534,B
8185,B
53917,B
22379,B
14999,B
82617,B
61799,B
43823,B
60559,B
34351,B
89272,B
84657,B
21595,B
67876,B
35121,B
34188,B
96279,B
40236,B
96312,B
41703,B
23702,B
32965,B
76408,B
78576,B
59291,B
93086,B
20979,B
9051,B
64508,B
11568,B
47734,B
40215,B
52926,B
73396,B
54499,B
30964,B
67493,B
96065,B
97495,B
43190,B
63634,B
95179,B
89749,B
7892,B
43555,B
62432,B
6887,B
75331,B
22864,B
31770,B
26479,B
85221,B
29460,B
10987,B
41693,B
86825,B
70390,B
52064,B
39434,B
34952,B
87359,B
98460,B
44988,B
78392,B
33983,B
86475,B
72035,B
9745,B
87173,B
36699,B
58206,B
1231,B
7133,B
61326,B
98483,B
53332,B
26477,B
74818,B
30651,B
72099,B
60806,B
49397,B
69709,B
52225,B
24521,B
63001,B
31835,B
85389,B
58393,B
64909,B
7164,B
39752,B
62560,B
16342,B
60950,B
91851,B
24980,B
10286,B
12985,B
77461,B
43037,B
2785,B
73722,B
30691,B
20681,B
7192,B
57629,B
19692,B
89891,B
70295,B
88730,B
40286,B
75422,B
91268,B
93347,B
66344,B
5058,B
54543,B
63840,B
15704,B
64355,B
62387,B
45290,B
53074,B
70321,B
59109,B
45478,B
14965,B
93553,B
90421,B
97565,B
27395,B
65158,B
91977,B
38731,B
74597,B
59403,B
63802,B
85821,B
77823,B
94431,B
20657,B
59749,B
77810,B
13502,B
2482,B
71341,B
8961,B
32464,B
61551,B
64757,B
40086,B
64393,B
91198,B
19734,B
59003,B
2816,B
69496,B
85814,B
90214,B
30200,B
35770,B
13160,B
59659,B
80110,B
54401,B
29984,B
32284,B
71130,B
42950,B
4943,B
90256,B
6230,B
23399,B
43431,B
11156,B
44966,B
91711,B
35160,B
30339,B
46845,B
52159,B
67866,B
55458,B
47674,B
10029,B
31488,B
57659,B
7047,B
52071,B
37006,B
24417,B
70517,B
43811,B
54325,B
63993,B
94528,B
21926,B
85412,B
64319,B
3890,B
3634,B
41334,B
32048,B
50373,B
54362,B
26947,B
63987,B
26160,B
8951,B
84723,B
64818,B
55613,B
37441,B
53152,B
12652,B
34159,B
410,B
7020,B
64863,B
4064,B
62941,B
72820,B
66013,B
22280,B
75573,B
99950,B
48362,B
937,B
83516,B
53928,B
30321,B
2706,B
7141,B
51670,B
45270,B
67951,B
34284,B
29879,B
70222,B
22117,B
56779,B
82590,B
954,B
22824,B
38649,B
33887,B
88082,B
97131,B
73740,B
85629,B
9400,B
58341,B
79900,B
39133,B
67292,B
13800,B
74985,B
52894,B
37342,B
96201,B
57385,B
74311,B
51504,B
45620,B
32886,B
80783,B
73455,B
89968,B
46760,B
32711,B
56427,B
90953,B
16819,B
97708,B
96620,B
10647,B
13696,B
56103,B
72980,B
24063,B
94999,B
74403,B
11044,B
44535,B
66624,B
55860,B
23721,B
3383,B
62702,B
10115,B
34145,B
31423,B
39138,B
68855,B
20821,B
54828,B
91170,B
32332,B
81040,B
2058,B
17915,B
83866,B
76285,B
93649,B
88184,B
11506,B
85059,B
2513,B
99546,B
95267,B
33043,B
80909,B
5901,B
66428,B
59216,B
66208,B
18676,B
72572,B
57941,B
54206,B
41602,B
22836,B
81444,B
86122,B
23367,B
86811,B
89488,B
85243,B
38707,B
48632,B
6924,B
86683,B
99340,B
84571,B
51439,B
26372,B
63537,B
3008,B
46040,B
34684,B
56852,B
95463,B
41998,B
62269,B
56641,B
54457,B
22300,B
48769,B
15861,B
93023,B
61723,B
3600,B
6224,B
69318,B
37855,B
78144,B
26753,B
62630,B
53025,B
24714,B
70940,B
87965,B
41922,B
89109,B
8910,B
98350,B
11683,B
85550,B
5424,B
90489,B
60338,B
1341,B
9705,B
94665,B
97710,B
35452,B
59732,B
15437,B
35914,B
88408,B
67448,B
62911,B
79917,B
61084,B
7949,B
36407,B
97600,B
97169,B
53824,B
31341,B
25108,B
43990,B
25446,B
54847,B
33390,B
23449,B
76893,B
72210,B
35107,B
18733,B
65418,B
8326,B
53845,B
66056,B
59859,B
27101,B
37066,B
93801,B
27076,B
19669,B
82434,B
91798,B
28177,B
75607,B
8033,B
8936,B
30458,B
50845,B
72660,B
63163,B
27349,B
6692,B
13312,B
79404,B
33990,B
79333,B
57960,B
18498,B
99942,B
90236,B
73292,B
64185,B
17440,B
78174,B
42817,B
95732,B
49493,B
86751,B
93609,B
11360,B
23035,B
97074,B
59396,B
51047,B
48021,B
86633,B
51333,B
69137,B
33626,B
49592,B
23484,B
60853,B
94678,B
56980,B
10440,B
38424,B
43164,B
50785,B
67357,B
68484,B
6954,B
65915,B
76060,B
71956,B
3046,B
1006,B
3034,B
29176,B
98740,B
55285,B
54575,B
45155,B
45322,B
41085,B
79753,B
71023,B
86258,B
30832,B
71333,B
60949,B
96463,B
54619,B
73026,B
13136,B
91441,B
62463,B
45596,B
6736,B
70231,B
87304,B
51052,B
79066,B
1003,B
26855,B
95287,B
56571,B
74536,B
81128,B
87191,B
64802,B
87606,B
64611,B
51665,B
61933,B
96950,B
64108,B
87612,B
20676,B
4429,B
98269,B
68747,B
44955,B
11844,B
3741,B
49454,B
14098,B
27806,B
68325,B
71711,B
20627,B
25051,B
66216,B
2695,B
82029,B
22477,B
90210,B
16406,B
45949,B
51334,B
97281,B
80603,B
94754,B
52912,B
16930,B
16504,B
89219,B
87331,B
36841,B
5803,B
23033,B
13297,B
88782,B
56820,B
74929,B
74455,B
95957,B
10514,B
67348,B
35503,B
22875,B
99361,B
92193,B
93644,B
43293,B
82551,B
42309,B
77117,B
27842,B
84025,B
37435,B
95512,B
63067,B
48090,B
87185,B
47910,B
34248,B
74055,B
24584,B
91823,B
75496,B
95695,B
90745,B
12725,B
15740,B
91840,B
83615,B
77792,B
15839,B
55651,B
50819,B
5348,B
59653,B
90398,B
40934,B
40727,B
30177,B
22310,B
75743,B
89310,B
59556,B
86782,B
52488,B
20504,B
28202,B
13448,B
19510,B
33595,B
45414,B
13394,B
10765,B
60605,B
81579,B
11169,B
7243,B
48,B
61209,B
56274,B
72617,B
86167,B
71944,B
78942,B
59053,B
52760,B
76831,B
35164,B
29733,B
81583,B
92624,B
87424,B
98541,B
4712,B
56853,B
77022,B
28021,B
72500,B
84164,B
54226,B
76861,B
73583,B
21013,B
89671,B
51508,B
22268,B
6937,B
34670,B
91214,B
42236,B
35775,B
27026,B
38983,B
76986,B
9763,B
77134,B
23335,B
29680,B
17734,B
48316,B
22080,B
89464,B
57635,B
75766,B
5898,B
50123,B
19194,B
43074,B
92471,B
50904,B
99095,B
13703,B
19880,B
26373,B
88301,B
73556,B
19520,B
15154,B
38947,B
90200,B
44868,B
42951,B
38026,B
55424,B
87689,B
98707,B
34762,B
52458,B
53730,B
66682,B
41485,B
12615,B
38136,B
77231,B
51130,B
42058,B
63471,B
21145,B
91740,B
83935,B
89605,B
50414,B
30264,B
1630,B
14738,B
1412,B
51425,B
40525,B
88171,B
6149,B
48874,B
36390,B
48377,B
82153,B
41053,B
13067,B
32401,B
85832,B
54400,B
96678,B
89069,B
40422,B
67578,B
17560,B
37856,B
86960,B
4470,B
73271,B
41023,B
71348,B
55761,B
40436,B
52328,B
27184,B
58396,B
98634,B
41766,B
74881,B
38893,B
70757,B
22023,B
10336,B
94209,B
73517,B
48667,B
15561,B
95394,B
4200,B
71075,B
18261,B
80796,B
77193,B
49285,B
38701,B
17021,B
51263,B
19597,B
46312,B
51490,B
98708,B
88816,B
88089,B
3343,B
61417,B
61772,B
92128,B
29279,B
42150,B
16848,B
71776,B
15883,B
10960,B
6858,B
61967,B
78675,B
4534,B
51025,B
5449,B
8357,B
38565,B
57178,B
50211,B
96707,B
57908,B
26166,B
13010,B
74563,B
36375,B
60054,B
89629,B
96271,B
67569,B
39570,B
51054,B
90744,B
64047,B
87400,B
74098,B
41803,B
54184,B
97439,B
45435,B
1466,B
88054,B
36965,B
10135,B
86832,B
69299,B
25559,B
301,B
49034,B
95323,B
43268,B
15027,B
41459,B
94592,B
29145,B
34348,B
76220,B
52908,B
71011,B
320,B
64076,B
92510,B
2276,B
8130,B
67476,B
75130,B
8844,B
36512,B
34510,B
11147,B
67842,B
56367,B
74271,B
74224,B
33674,B
42249,B
79967,B
3905,B
30653,B
6719,B
27657,B
31912,B
30465,B
37119,B
4140,B
13365,B
10462,B
82277,B
70792,B
50979,B
81362,B
50833,B
60945,B
97267,B
4761,B
539,B
90258,B
70530,B
93185,B
17889,B
19799,B
69661,B
18190,B
36791,B
51,B
34439,B
10544,B
4268,B
20779,B
31037,B
19392,B
28549,B
35898,B
13709,B
41454,B
95363,B
44348,B
89972,B
11991,B
49370,B
80290,B
44781,B
11736,B
20941,B
34981,B
28980,B
65429,B
94337,B
68558,B
26194,B
21935,B
57832,B
34308,B
86059,B
98278,B
83741,B
69239,B
74424,B
3740,B
66861,B
77554,B
3169,B
55508,B
91939,B
66337,B
59098,B
95692,B
19768,B
59132,B
80393,B
9891,B
85039,B
7983,B
88596,B
41232,B
63632,B
81628,B
6682,B
48591,B
54154,B
1519,B
12068,B
83656,B
41722,B
98065,B
48937,B
48015,B
12409,B
13616,B
93047,B
71926,B
44225,B
42608,B
97540,B
34343,B
223,B
59362,B
29174,B
26065,B
12968,B
7048,B
7095,B
33808,B
40740,B
20317,B
26483,B
23118,B
53438,B
1493,B
81881,B
81054,B
25498,B
65624,B
34577,B
84307,B
48062,B
30684,B
79074,B
91897,B
26017,B
38005,B
88282,B
8122,B
26188,B
49497,B
52705,B
12056,B
95646,B
87235,B
63109,B
66202,B
80696,B
53612,B
96989,B
85951,B
47435,B
94846,B
36482,B
52867,B
39691,B
89167,B
89923,B
63595,B
3644,B
42474,B
28542,B
87751,B
61655,B
9429,B
70888,B
42777,B
90157,B
29960,B
46764,B
61325,B
15054,B
94795,B
2584,B
35240,B
82995,B
60158,B
99433,B
21893,B
75960,B
88459,B
95665,B
13125,B
37590,B
77650,B
75355,B
49703,B
61138,B
68016,B
4782,B
79167,B
79735,B
40249,B
84547,B
20330,B
22600,B
46187,B
27805,B
40253,B
5359,B
40229,B
68376,B
64398,B
53742,B
69006,B
56140,B
70064,B
50555,B
16128,B
87600,B
58833,B
91953,B
10929,B
41561,B
41148,B
87920,B
89103,B
97437,B
3294,B
6012,B
79443,B
58088,B
73983,B
79184,B
34016,B
67926,B
16303,B
47532,B
59781,B
90797,B
5551,B
64019,B
80955,B
84874,B
29428,B
91783,B
67995,B
14975,B
49321,B
41308,B
71588,B
19545,B
66959,B
84766,B
68141,B
13083,B
25772,B
12937,B
5074,B
91045,B
69109,B
97805,B
2649,B
19030,B
9010,B
96146,B
76397,B
95766,B
97183,B
24711,B
74502,B
82367,B
26446,B
76324,B
52383,B
39477,B
36878,B
90390,B
77897,B
92425,B
76787,B
87242,B
43107,B
29346,B
46475,B
55365,B
3049,B
72675,B
28001,B
89126,B
95214,B
63152,B
25523,B
75954,B
77533,B
51049,B
65985,B
92133,B
21317,B
46703,B
96549,B
16905,B
49059,B
45117,B
96673,B
72477,B
42673,B
66207,B
33741,B
4421,B
14107,B
84265,B
63927,B
38219,B
15044,B
2076,B
48266,B
1599,B
91576,B
41937,B
2661,B
24793,B
42308,B
52607,B
35809,B
29058,B
46268,B
692,B
49782,B
98782,B
77020,B
82762,B
7526,B
29379,B
99348,B
41405,B
47661,B
50689,B
91177,B
5685,B
89989,B
3549,B
42515,B
1652,B
31583,B
41668,B
65949,B
59575,B
40421,B
25778,B
20075,B
5203,B
93902,B
87597,B
68954,B
38263,B
69620,B
94605,B
26138,B
4678,B
11416,B
85938,B
71239,B
28881,B
69605,B
30535,B
62234,B
12032,B
37149,B
71174,B
18845,B
88544,B
40245,B
5422,B
52129,B
95367,B
28217,B
55756,B
13041,B
18495,B
82546,B
87717,B
9992,B
81213,B
74048,B
7587,B
34681,B
72880,B
38000,B
12206,B
63728,B
634,B
19205,B
65767,B
56748,B
82057,B
46005,B
4894,B
26574,B
91618,B
26964,B
73463,B
56257,B
61293,B
95561,B
21543,B
68842,B
56915,B
5013,B
24607,B
63153,B
25958,B
68186,B
76173,B
15252,B
76600,B
40305,B
53232,B
49977,B
658,B
78319,B
23285,B
85416,B
70461,B
60259,B
84853,B
70169,B
46225,B
85716,B
75440,B
5844,B
83024,B
86623,B
66039,B
90644,B
25277,B
2589,B
87397,B
91094,B
72280,B
52932,B
35133,B
7676,B
91508,B
4347,B
4714,B
26243,B
40586,B
37004,B
94561,B
97838,B
24259,B
59417,B
37117,B
42556,B
735,B
85817,B
45423,B
12207,B
72754,B
28982,B
14692,B
18180,B
19009,B
70415,B
42161,B
20900,B
59767,B
79165,B
19271,B
76000,B
8601,B
41188,B
29314,B
2051,B
22152,B
40577,B
46860,B
69435,B
66089,B
25993,B
4305,B
91548,B
72152,B
22259,B
57810,B
51626,B
21031,B
68675,B
62979,B
60601,B
89143,B
54691,B
8519,B
8682,B
1442,B
38865,B
99023,B
51175,B
37312,B
74315,B
33510,B
83310,B
90230,B
74884,B
81629,B
68324,B
12210,B
7813,B
49416,B
26888,B
85727,B
75409,B
55881,B
67706,B
59175,B
19700,B
75145,B
61042,B
43434,B
27347,B
34531,B
83232,B
77066,B
79890,B
72173,B
40887,B
38912,B
58317,B
36369,B
80184,B
34875,B
14892,B
77491,B
10334,B
81952,B
97833,B
16956,B
44665,B
30212,B
87261,B
59198,B
21055,B
19819,B
64837,B
59988,B
84790,B
33134,B
24744,B
15990,B
11591,B
43688,B
92010,B
51271,B
49601,B
17314,B
5439,B
71151,B
51828,B
19640,B
28831,B
86771,B
46777,B
65893,B
57933,B
42671,B
40903,B
68583,B
45594,B
49752,B
85896,B
2189,B
56756,B
72992,B
48342,B
22390,B
1069,B
28024,B
22675,B
81719,B
85771,B
43954,B
41163,B
91110,B
6770,B
16043,B
98681,B
22517,B
1192,B
64482,B
98869,B
20988,B
5379,B
47758,B
52122,B
54642,B
14278,B
98400,B
24202,B
49973,B
86750,B
26875,B
17376,B
191,B
55142,B
41846,B
23830,B
8355,B
12803,B
56224,B
45792,B
60628,B
74626,B
55386,B
55236,B
90708,B
32523,B
93126,B
34699,B
76516,B
80073,B
31398,B
58377,B
36732,B
8158,B
11127,B
78743,B
69992,B
31618,B
62943,B
79797,B
38096,B
53248,B
74882,B
83189,B
1477,B
59120,B
20432,B
885,B
96040,B
43207,B
6107,B
46823,B
79602,B
26208,B
53174,B
77363,B
5302,B
69416,B
15405,B
38010,B
49030,B
40002,B
2302,B
10072,B
40227,B
85704,B
91844,B
86857,B
7577,B
26677,B
38801,B
14004,B
14642,B
15006,B
20200,B
97149,B
76829,B
48239,B
72640,B
24209,B
58472,B
82838,B
29784,B
33723,B
23825,B
12401,B
71214,B
6371,B
11811,B
56731,B
7473,B
56251,B
77788,B
9695,B
86975,B
84422,B
35075,B
90850,B
33516,B
56678,B
89157,B
87571,B
21878,B
40905,B
33186,B
30757,B
24902,B
26309,B
95685,B
38755,B
90887,B
74422,B
508,B
8363,B
7067,B
31146,B
49628,B
42945,B
39589,B
21928,B
11655,B
30318,B
48642,B
34455,B
13970,B
39393,B
17498,B
61844,B
635,B
84839,B
92163,B
24233,B
74758,B
78302,B
1503,B
65068,B
54614,B
25229,B
87859,B
12096,B
96306,B
64211,B
85392,B
8978,B
98430,B
71688,B
99761,B
28209,B
42510,B
81154,B
732,B
53237,B
7138,B
44418,B
3884,B
27594,B
48670,B
24591,B
80711,B
6819,B
51300,B
79451,B
61024,B
96155,B
32380,B
42067,B
64892,B
63514,B
72721,B
97350,B
97510,B
90751,B
57165,B
31538,B
8818,B
16671,B
79813,B
49016,B
26960,B
1560,B
23864,B
28010,B
46948,B
43470,B
8250,B
71462,B
81655,B
13743,B
437,B
67506,B
81215,B
17,B
16375,B
1286,B
53693,B
25811,B
71782,B
33194,B
95722,B
82111,B
1735,B
76245,B
99512,B
84596,B
31348,B
26780,B
66229,B
3131,B
94496,B
23828,B
57916,B
53303,B
28437,B
27976,B
96949,B
72479,B
89456,B
33315,B
96170,B
22526,B
80253,B
30394,B
79472,B
60287,B
41124,B
58412,B
27764,B
58536,B
18637,B
1864,B
61808,B
45573,B
43624,B
7803,B
12582,B
57612,B
29043,B
94005,B
28634,B
9816,B
71845,B
67425,B
24469,B
40828,B
14129,B
81676,B
82479,B
69598,B
47384,B
9298,B
49026,B
16391,B
32575,B
4391,B
87611,B
93582,B
35681,B
71375,B
9172,B
24446,B
77684,B
72361,B
73471,B
46549,B
72072,B
13843,B
11814,B
58448,B
98311,B
88820,B
74301,B
46779,B
87786,B
27388,B
22352,B
85359,B
15293,B
59803,B
92614,B
29562,B
89025,B
60951,B
88466,B
86716,B
67401,B
11677,B
19675,B
49515,B
21854,B
4689,B
71857,B
89747,B
69544,B
72927,B
37167,B
6190,B
3247,B
32883,B
87522,B
68224,B
21957,B
71395,B
33275,B
83124,B
2491,B
72780,B
28724,B
14978,B
34458,B
91449,B
50810,B
9860,B
78987,B
39787,B
65481,B
35749,B
58362,B
98950,B
841,B
15829,B
92482,B
46795,B
81345,B
59468,B
3242,B
85612,B
33063,B
99430,B
91024,B
20059,B
54938,B
86111,B
4982,B
1497,B
80481,B
47252,B
16924,B
95240,B
19342,B
19180,B
68410,B
58070,B
90231,B
16662,B
41909,B
70146,B
61186,B
25310,B
19206,B
33162,B
35165,B
17463,B
42268,B
74173,B
87000,B
92685,B
93744,B
98384,B
70327,B
89198,B
91314,B
49070,B
38811,B
4017,B
29009,B
48719,B
55853,B
48537,B
48546,B
86969,B
10798,B
6122,B
48776,B
42378,B
11363,B
31097,B
3373,B
39249,B
22768,B
3768,B
11290,B
8662,B
6329,B
4707,B
69741,B
84407,B
57554,B
68466,B
27468,B
62495,B
73065,B
46695,B
40185,B
53026,B
44137,B
2708,B
93686,B
18863,B
32578,B
5646,B
5350,B
4475,B
46389,B
4663,B
29646,B
58461,B
1763,B
8273,B
19124,B
25863,B
48666,B
46521,B
70636,B
14741,B
65605,B
51988,B
65560,B
81446,B
94540,B
57653,B
27334,B
96343,B
51662,B
23856,B
4948,B
47295,B
17595,B
97904,B
78058,B
18022,B
66547,B
17444,B
69487,B
36155,B
20520,B
54336,B
98263,B
98834,B
66815,B
74747,B
25980,B
13153,B
95172,B
61354,B
46118,B
88389,B
75516,B
87995,B
78079,B
29448,B
31999,B
30009,B
1309,B
44413,B
89981,B
43716,B
8431,B
3564,B
89176,B
73660,B
25362,B
49237,B
59395,B
2281,B
24133,B
81256,B
69895,B
99899,B
93540,B
62723,B
67568,B
88062,B
91286,B
51935,B
24556,B
68947,B
53566,B
2278,B
84071,B
36696,B
14392,B
27326,B
52837,B
46593,B
44805,B
20533,B
77756,B
94771,B
75216,B
61593,B
548,B
40815,B
15384,B
27844,B
9560,B
70004,B
37830,B
45921,B
35655,B
18843,B
40769,B
78508,B
27452,B
95700,B
47855,B
22538,B
19617,B
79914,B
16639,B
4407,B
54872,B
48120,B
17216,B
33437,B
43031,B
95608,B
37625,B
65793,B
44872,B
65869,B
45410,B
86485,B
4842,B
20795,B
16241,B
82431,B
56198,B
98202,B
83774,B
74208,B
71172,B
2545,B
73979,B
13110,B
83758,B
67996,B
90588,B
60010,B
48532,B
26205,B
72296,B
6307,B
63279,B
92959,B
58849,B
34667,B
56437,B
77415,B
35827,B
58484,B
27056,B
30718,B
33191,B
67486,B
78691,B
13054,B
37909,B
70419,B
86769,B
25765,B
40248,B
92305,B
21610,B
64369,B
13687,B
85561,B
83165,B
59942,B
68405,B
94521,B
54101,B
45520,B
51989,B
76808,B
8486,B
36,B
40000,B
31969,B
5731,B
59181,B
49372,B
46455,B
22664,B
67104,B
81268,B
50974,B
59627,B
73995,B
25281,B
21817,B
82768,B
65823,B
54169,B
52673,B
69749,B
4167,B
80815,B
76608,B
85536,B
61646,B
89885,B
95486,B
68331,B
11849,B
13784,B
33146,B
42135,B
83853,B
83730,B
67737,B
36050,B
69264,B
11457,B
11651,B
58628,B
97135,B
30104,B
77515,B
31205,B
11274,B
3382,B
9486,B
9739,B
10358,B
24041,B
81295,B
70189,B
7086,B
4837,B
12948,B
79144,B
72688,B
61628,B
22441,B
9862,B
91760,B
60815,B
9330,B
32387,B
33959,B
64454,B
29418,B
22945,B
4541,B
28671,B
58169,B
76704,B
170,B
67338,B
60526,B
99400,B
39481,B
34604,B
54827,B
49994,B
47208,B
76159,B
20343,B
36558,B
354,B
30382,B
49527,B
55484,B
35785,B
79635,B
56201,B
42610,B
8706,B
393,B
51072,B
81257,B
84556,B
48145,B
46855,B
10032,B
1572,B
70914,B
18549,B
90244,B
97302,B
27405,B
166,B
77220,B
51163,B
37326,B
15622,B
44905,B
21479,B
20033,B
85115,B
27706,B
16004,B
40206,B
55187,B
77826,B
54454,B
74142,B
14584,B
80788,B
83926,B
94984,B
11670,B
15060,B
59099,B
73629,B
28514,B
72899,B
21950,B
74393,B
35567,B
81987,B
43050,B
44252,B
74219,B
62524,B
94421,B
77618,B
69207,B
61055,B
65597,B
76582,B
82245,B
56975,B
92734,B
59076,B
24559,B
56362,B
60549,B
37532,B
39962,B
28742,B
12758,B
97980,B
80692,B
69176,B
37976,B
19092,B
53480,B
83523,B
23137,B
59307,B
18604,B
47780,B
72185,B
92543,B
11144,B
93742,B
81155,B
87961,B
37558,B
7407,B
13149,B
73175,B
3710,B
66151,B
30358,B
91769,B
38627,B
66764,B
36203,B
86761,B
49600,B
98940,B
91348,B
68918,B
33004,B
3877,B
56728,B
63023,B
73686,B
27010,B
34497,B
86691,B
76201,B
95653,B
51117,B
63249,B
25093,B
29738,B
62921,B
84586,B
61557,B
68951,B
8996,B
87163,B
17135,B
1087,B
72769,B
11721,B
34244,B
47189,B
42224,B
67452,B
48333,B
21919,B
49025,B
98765,B
64894,B
69952,B
62229,B
2196,B
89322,B
73863,B
71900,B
72461,B
93994,B
64217,B
92658,B
96608,B
39662,B
41694,B
46840,B
72390,B
9068,B
35741,B
62243,B
25134,B
36300,B
40939,B
54601,B
60496,B
17053,B
54134,B
66316,B
27238,B
83800,B
94956,B
49503,B
20386,B
27191,B
89319,B
83421,B
69767,B
89720,B
14433,B
37170,B
40273,B
26263,B
90619,B
81837,B
54562,B
64375,B
93948,B
68185,B
69119,B
46888,B
25594,B
56255,B
20190,B
2060,B
37584,B
30688,B
87535,B
38095,B
84751,B
26778,B
84903,B
31408,B
99440,B
86443,B
12558,B
42666,B
59638,B
24020,B
53582,B
9474,B
68571,B
756,B
18612,B
92151,B
19954,B
44015,B
10628,B
30994,B
45943,B
45286,B
98930,B
46756,B
78504,B
81943,B
49191,B
55330,B
82663,B
2515,B
68926,B
23420,B
30553,B
12295,B
93277,B
26624,B
57315,B
81379,B
46338,B
86155,B
36797,B
96546,B
40977,B
92254,B
67444,B
40583,B
96531,B
38100,B
12446,B
14550,B
2962,B
64902,B
69668,B
76834,B
65811,B
51340,B
47473,B
68557,B
68609,B
60322,B
83764,B
71398,B
54167,B
78548,B
57267,B
16760,B
11468,B
8561,B
7306,B
99729,B
82835,B
65883,B
85280,B
15710,B
44427,B
93052,B
17546,B
1559,B
24863,B
17607,B
82665,B
54312,B
83461,B
27477,B
97086,B
76922,B
91530,B
39234,B
45065,B
49930,B
26752,B
81685,B
8196,B
19535,B
64173,B
81491,B
98671,B
52964,B
13965,B
18635,B
47729,B
65357,B
94048,B
5752,B
19870,B
82711,B
53280,B
67422,B
11340,B
27265,B
45138,B
79046,B
14923,B
56387,B
23853,B
34785,B
59896,B
2666,B
96308,B
15852,B
53320,B
26091,B
72247,B
49957,B
74192,B
51992,B
62817,B
61630,B
38582,B
14726,B
52326,B
83698,B
26136,B
9214,B
70140,B
95756,B
51339,B
68726,B
19354,B
5771,B
23649,B
89446,B
62478,B
20777,B
5599,B
4791,B
94594,B
85160,B
74380,B
80371,B
60004,B
95271,B
51740,B
88295,B
74341,B
91613,B
46674,B
97094,B
13549,B
11863,B
51877,B
44693,B
72901,B
60423,B
21741,B
44551,B
15071,B
66563,B
65258,B
27713,B
76319,B
91016,B
30626,B
11476,B
25027,B
71199,B
997,B
30017,B
63486,B
11206,B
8761,B
21937,B
44127,B
33844,B
60729,B
97153,B
14801,B
61347,B
63331,B
16246,B
38469,B
10077,B
93676,B
75971,B
53410,B
28618,B
45488,B
29767,B
59225,B
39270,B
59890,B
82803,B
19268,B
88606,B
35074,B
41284,B
93412,B
9673,B
18585,B
44055,B
80997,B
91699,B
11518,B
96069,B
61224,B
75985,B
9090,B
24381,B
41849,B
80484,B
21191,B
16842,B
69678,B
44975,B
7659,B
64411,B
27878,B
15952,B
57023,B
69270,B
73654,B
84526,B
95305,B
82729,B
26498,B
16888,B
18397,B
82939,B
94113,B
45598,B
85171,B
91353,B
43766,B
12070,B
48545,B
51926,B
49776,B
26305,B
89316,B
55918,B
42370,B
65347,B
46506,B
23940,B
44575,B
60521,B
39660,B
2099,B
59504,B
4119,B
6503,B
97773,B
96848,B
35261,B
31987,B
17487,B
89814,B
13578,B
7742,B
4751,B
71725,B
73480,B
55798,B
46821,B
29501,B
89002,B
79601,B
60058,B
66236,B
83446,B
74276,B
10623,B
93460,B
88154,B
88905,B
26560,B
12282,B
55828,B
88833,B
91001,B
23587,B
5613,B
15292,B
52824,B
40712,B
76438,B
1670,B
7913,B
39387,B
46824,B
2823,B
83109,B
47702,B
76014,B
63437,B
45426,B
79899,B
29756,B
72819,B
30818,B
50401,B
37926,B
21545,B
80252,B
22915,B
29393,B
66293,B
46183,B
62145,B
55190,B
30533,B
54618,B
60420,B
77273,B
49195,B
52632,B
41090,B
5668,B
74558,B
3171,B
9981,B
58375,B
49915,B
37020,B
94183,B
43415,B
71563,B
59263,B
78300,B
36843,B
8328,B
25326,B
95776,B
74672,B
75248,B
46162,B
84383,B
7911,B
18546,B
43368,B
97009,B
98771,B
81338,B
27081,B
18654,B
96053,B
67623,B
3348,B
14973,B
10567,B
2074,B
57753,B
11828,B
64494,B
31565,B
14911,B
74740,B
2116,B
51121,B
88158,B
35435,B
8715,B
67780,B
40736,B
73845,B
93560,B
22910,B
31725,B
98391,B
83623,B
68144,B
11777,B
46624,B
1971,B
40117,B
45496,B
63567,B
56082,B
23520,B
77819,B
90077,B
70621,B
43826,B
33680,B
9691,B
6354,B
49726,B
83064,B
95505,B
96904,B
20991,B
8448,B
84115,B
67804,B
26075,B
69307,B
61077,B
42885,B
19144,B
83028,B
78500,B
89163,B
24525,B
8009,B
53326,B
60355,B
18142,B
22173,B
94600,B
38957,B
56867,B
82952,B
44858,B
37985,B
93844,B
62088,B
68457,B
60855,B
285,B
1902,B
69968,B
15822,B
75777,B
25413,B
97916,B
54548,B
25019,B
97492,B
52582,B
82260,B
78676,B
41347,B
81672,B
66176,B
6807,B
28112,B
89428,B
83429,B
78434,B
10492,B
48335,B
73741,B
67103,B
2919,B
59274,B
41026,B
11610,B
38675,B
67180,B
21939,B
88012,B
59007,B
29091,B
77757,B
5320,B
81535,B
47371,B
95578,B
64225,B
86719,B
44210,B
46448,B
32987,B
12255,B
39630,B
39945,B
84358,B
55541,B
60666,B
5440,B
61642,B
80458,B
14313,B
51499,B
25671,B
57549,B
38658,B
57085,B
49669,B
29869,B
98154,B
96850,B
62491,B
71873,B
54832,B
84741,B
62329,B
64382,B
44108,B
23625,B
63226,B
91299,B
34494,B
30112,B
76911,B
35921,B
62136,B
75088,B
42483,B
6119,B
79911,B
25078,B
66559,B
53904,B
29415,B
38011,B
94058,B
86203,B
16026,B
96836,B
28697,B
3747,B
33222,B
58002,B
2175,B
42684,B
35690,B
34098,B
31266,B
9343,B
56776,B
43964,B
62246,B
48028,B
23486,B
66246,B
49229,B
34121,B
46371,B
12418,B
78325,B
23158,B
81287,B
53468,B
91391,B
3921,B
6671,B
41290,B
39520,B
24933,B
50144,B
67913,B
13009,B
67929,B
66311,B
32318,B
82984,B
11771,B
93512,B
10406,B
23115,B
34061,B
10809,B
46716,B
84742,B
23099,B
66973,B
56753,B
49514,B
13622,B
57974,B
715,B
3664,B
31328,B
68192,B
90693,B
22736,B
70023,B
42347,B
39800,B
57691,B
42254,B
92547,B
74549,B
9074,B
9687,B
60270,B
99775,B
94889,B
16753,B
36089,B
42821,B
1269,B
80528,B
12348,B
46642,B
76508,B
87491,B
15485,B
46739,B
87216,B
53862,B
6607,B
35724,B
73923,B
66919,B
14199,B
87940,B
59635,B
50728,B
71754,B
97902,B
59195,B
75628,B
65125,B
36241,B
11459,B
15504,B
10205,B
12661,B
85880,B
95929,B
89411,B
71017,B
91276,B
95201,B
7939,B
87652,B
47323,B
35862,B
57574,B
31046,B
35248,B
46949,B
94623,B
71910,B
74983,B
14225,B
59936,B
89642,B
95030,B
67660,B
58685,B
62934,B
117,B
97103,B
46557,B
83600,B
41165,B
68152,B
20468,B
41731,B
92694,B
58745,B
24566,B
47857,B
95696,B
37400,B
87483,B
28211,B
19387,B
1364,B
42451,B
39853,B
92844,B
59030,B
23868,B
97964,B
39566,B
8884,B
98551,B
84619,B
2059,B
81368,B
33663,B
33535,B
84550,B
29577,B
13371,B
84191,B
780,B
14716,B
7896,B
81722,B
31267,B
8308,B
26927,B
48013,B
80509,B
1307,B
65117,B
17659,B
61819,B
29806,B
98421,B
18684,B
29311,B
10535,B
45148,B
88953,B
30411,B
78732,B
29990,B
62176,B
78591,B
75530,B
96712,B
54220,B
25623,B
76499,B
59615,B
31756,B
60169,B
36764,B
84315,B
11076,B
9435,B
41991,B
83996,B
96222,B
24284,B
62143,B
51342,B
79818,B
69500,B
26707,B
59167,B
87968,B
34970,B
22277,B
58387,B
29967,B
63083,B
59740,B
95453,B
93369,B
81990,B
43721,B
49074,B
80357,B
91098,B
24968,B
73504,B
40420,B
49055,B
445,B
84142,B
15585,B
21059,B
38391,B
53135,B
28457,B
86971,B
51408,B
12105,B
19953,B
90705,B
18620,B
92915,B
96217,B
84245,B
9747,B
27120,B
87825,B
77966,B
71982,B
43944,B
98299,B
16129,B
8656,B
99447,B
8968,B
59234,B
37838,B
723,B
2601,B
32420,B
57012,B
91672,B
93406,B
64156,B
75273,B
24144,B
76409,B
63136,B
98335,B
26076,B
12471,B
16240,B
4117,B
45735,B
89081,B
77336,B
94777,B
64683,B
93574,B
93796,B
10383,B
85495,B
87553,B
26358,B
15058,B
1074,B
248,B
54536,B
89746,B
95076,B
34602,B
23832,B
45442,B
27146,B
39438,B
84867,B
70553,B
69081,B
19801,B
91911,B
64614,B
27785,B
77965,B
21482,B
15987,B
99426,B
21260,B
16855,B
2883,B
82596,B
32339,B
98992,B
42558,B
30417,B
2322,B
66502,B
54121,B
47551,B
89360,B
48607,B
53902,B
37268,B
33809,B
6143,B
10460,B
40733,B
45232,B
96979,B
21469,B
50514,B
985,B
11647,B
58214,B
12796,B
58150,B
20920,B
38217,B
28300,B
70438,B
97871,B
58330,B
1787,B
68633,B
20637,B
12984,B
88630,B
78404,B
24057,B
29229,B
41948,B
81985,B
61980,B
45945,B
87095,B
97994,B
74042,B
26475,B
31972,B
1897,B
88087,B
98953,B
69798,B
11417,B
29957,B
880,B
98763,B
88161,B
63387,B
59374,B
85104,B
5280,B
44756,B
34693,B
94860,B
68132,B
52073,B
22415,B
8408,B
51012,B
87016,B
37587,B
48986,B
11656,B
75712,B
76892,B
35060,B
5660,B
7715,B
56650,B
17247,B
49903,B
93669,B
1927,B
34576,B
44188,B
36439,B
76960,B
57206,B
28948,B
26901,B
94355,B
8942,B
46693,B
51974,B
48164,B
85834,B
65189,B
63499,B
12388,B
54290,B
66235,B
57057,B
75968,B
35923,B
20857,B
95669,B
78194,B
15038,B
13718,B
63519,B
21083,B
13744,B
9580,B
5578,B
27808,B
68417,B
66773,B
95869,B
56662,B
61045,B
95449,B
59425,B
29464,B
21876,B
48422,B
57555,B
40257,B
1393,B
29672,B
12530,B
80128,B
3529,B
99887,B
57665,B
66843,B
53428,B
57909,B
19561,B
47595,B
74810,B
39556,B
44232,B
53293,B
38712,B
27583,B
16942,B
1842,B
23253,B
86956,B
58695,B
91315,B
54428,B
24648,B
77068,B
1683,B
9113,B
21782,B
84822,B
16831,B
7721,B
70938,B
83791,B
23189,B
74853,B
21710,B
3462,B
94013,B
18818,B
4240,B
50715,B
79626,B
22919,B
76601,B
57392,B
53369,B
69576,B
36004,B
66638,B
36623,B
85037,B
15985,B
78787,B
47505,B
82264,B
82521,B
41083,B
34865,B
16934,B
45039,B
99262,B
56271,B
23796,B
45731,B
40115,B
32316,B
13167,B
6801,B
57207,B
97416,B
45386,B
12967,B
29491,B
30866,B
15660,B
25116,B
50141,B
32902,B
45656,B
39112,B
67042,B
35443,B
34027,B
96964,B
55514,B
33584,B
41173,B
49897,B
43324,B
97585,B
38911,B
47822,B
74153,B
70587,B
76099,B
96527,B
91652,B
21441,B
70642,B
68488,B
66385,B
43045,B
7172,B
5336,B
4025,B
11128,B
32217,B
91132,B
82753,B
65521,B
95841,B
50421,B
87439,B
8453,B
18469,B
79376,B
40782,B
26965,B
76354,B
84005,B
59289,B
68221,B
47162,B
38953,B
51405,B
1691,B
84707,B
99947,B
59810,B
84158,B
60613,B
4043,B
98524,B
35178,B
88497,B
47601,B
11694,B
77735,B
72740,B
2481,B
95070,B
14641,B
81902,B
1190,B
34407,B
25472,B
22026,B
64842,B
2530,B
85767,B
56539,B
50542,B
10601,B
33613,B
44993,B
86999,B
27105,B
34396,B
858,B
795,B
60189,B
45798,B
2544,B
90392,B
43083,B
62212,B
98482,B
13491,B
11761,B
34522,B
54759,B
2988,B
58727,B
54785,B
61162,B
18144,B
97667,B
33872,B
78966,B
65070,B
10538,B
21332,B
53724,B
72198,B
65993,B
78220,B
42628,B
6559,B
58007,B
57318,B
1586,B
19305,B
98815,B
37547,B
57362,B
36397,B
74841,B
35949,B
87162,B
15604,B
98171,B
70645,B
60694,B
63011,B
23119,B
98721,B
79698,B
47016,B
93283,B
70408,B
99016,B
74599,B
6916,B
6314,B
46300,B
41043,B
89287,B
39926,B
24617,B
22304,B
29468,B
22698,B
46627,B
32200,B
96895,B
82424,B
1263,B
47184,B
80919,B
79453,B
81931,B
56500,B
46828,B
62619,B
26334,B
17548,B
59592,B
69983,B
51769,B
18093,B
8638,B
64624,B
90216,B
55148,B
66943,B
2024,B
6649,B
75794,B
85085,B
90063,B
61127,B
52296,B
45209,B
90381,B
50830,B
12723,B
15388,B
75067,B
8634,B
99164,B
83928,B
39036,B
28044,B
43674,B
64407,B
18936,B
57031,B
31876,B
16731,B
21997,B
80847,B
15046,B
82109,B
25672,B
47564,B
81925,B
5155,B
4088,B
4279,B
92066,B
84910,B
89438,B
27696,B
41084,B
27091,B
84454,B
66986,B
92569,B
97304,B
22649,B
48674,B
7456,B
71883,B
79877,B
69085,B
32336,B
25996,B
34771,B
96187,B
24998,B
86438,B
92539,B
61368,B
1767,B
24845,B
1419,B
78034,B
91307,B
12397,B
94643,B
675,B
92970,B
10113,B
53176,B
56420,B
14501,B
82070,B
18633,B
22599,B
45418,B
45900,B
82920,B
77471,B
45351,B
16925,B
10698,B
66992,B
4525,B
4920,B
68546,B
33642,B
87956,B
75206,B
97429,B
98915,B
26424,B
88245,B
7703,B
69573,B
66381,B
34951,B
42397,B
30601,B
80228,B
12774,B
12265,B
46762,B
64300,B
7903,B
18115,B
52799,B
13280,B
33223,B
23554,B
88909,B
4626,B
37284,B
66024,B
85084,B
20894,B
73248,B
36002,B
71825,B
33801,B
78126,B
27646,B
36646,B
637,B
52331,B
76430,B
35533,B
30312,B
89067,B
62332,B
7286,B
4582,B
93746,B
84559,B
5582,B
42425,B
25354,B
41105,B
81545,B
31355,B
125,B
20345,B
31724,B
7726,B
91791,B
5614,B
75761,B
97754,B
11380,B
52825,B
47697,B
42780,B
67897,B
20316,B
31379,B
21220,B
40741,B
18726,B
26084,B
51167,B
37602,B
36648,B
63017,B
64391,B
16736,B
73305,B
51690,B
5099,B
82658,B
22414,B
72488,B
8900,B
40476,B
74646,B
79675,B
49300,B
60871,B
54711,B
7362,B
5293,B
48873,B
58598,B
77949,B
56058,B
51345,B
64626,B
2379,B
34760,B
63929,B
56544,B
9599,B
95900,B
43199,B
15722,B
42720,B
19827,B
51833,B
47830,B
87239,B
19104,B
18774,B
3129,B
13691,B
6952,B
71296,B
4241,B
43036,B
64813,B
60282,B
31251,B
82241,B
32669,B
28332,B
75733,B
88064,B
74877,B
19095,B
56233,B
80283,B
68280,B
70093,B
52995,B
80433,B
80329,B
54426,B
68202,B
47428,B
58797,B
1212,B
79159,B
47223,B
76562,B
41479,B
72167,B
72745,B
71057,B
24611,B
1821,B
22573,B
9645,B
93234,B
54556,B
41436,B
90950,B
71993,B
97491,B
74503,B
78167,B
24934,B
12020,B
2669,B
24809,B
69760,B
61252,B
65122,B
29750,B
55740,B
59834,B
11080,B
11276,B
56280,B
37880,B
49484,B
91303,B
71416,B
86279,B
3455,B
69072,B
53858,B
78282,B
75243,B
64956,B
14133,B
52583,B
64992,B
31665,B
58304,B
21761,B
1529,B
34013,B
11512,B
21253,B
34353,B
45802,B
11714,B
72846,B
69123,B
2417,B
20216,B
46887,B
2115,B
3066,B
98749,B
3977,B
6079,B
53261,B
91804,B
10226,B
81851,B
4199,B
70932,B
22710,B
60692,B
92400,B
48959,B
73494,B
97136,B
72519,B
20145,B
3200,B
24401,B
31964,B
49142,B
78448,B
11970,B
84872,B
54720,B
23835,B
52717,B
4918,B
98821,B
29936,B
95624,B
47125,B
62099,B
72364,B
52343,B
65321,B
60551,B
67110,B
40306,B
29744,B
21844,B
11827,B
10608,B
29903,B
98389,B
58841,B
26646,B
57418,B
27248,B
47627,B
27223,B
79551,B
65437,B
39516,B
98652,B
94811,B
35329,B
77286,B
31710,B
6853,B
31807,B
93923,B
14491,B
45911,B
78656,B
1808,B
96550,B
37833,B
56699,B
19576,B
92542,B
10530,B
36283,B
45338,B
56871,B
75845,B
83913,B
88148,B
90631,B
60462,B
35826,B
30633,B
70367,B
59017,B
96229,B
55473,B
95475,B
55547,B
70808,B
34249,B
85176,B
9399,B
58838,B
81147,B
98594,B
9406,B
48972,B
74199,B
12952,B
82300,B
55955,B
97584,B
95768,B
62625,B
18970,B
61762,B
5966,B
58957,B
3483,B
88695,B
84015,B
99037,B
21015,B
17875,B
28710,B
8683,B
14227,B
89896,B
29561,B
56516,B
72514,B
97250,B
34767,B
28410,B
46011,B
95308,B
216,B
33625,B
64331,B
18765,B
79532,B
3870,B
90501,B
40029,B
4549,B
93967,B
77937,B
91066,B
65220,B
19745,B
81936,B
61015,B
39113,B
79476,B
6147,B
17958,B
92893,B
20030,B
38866,B
29525,B
69987,B
59182,B
15077,B
37648,B
89998,B
69695,B
48414,B
57300,B
14049,B
12141,B
78549,B
23630,B
31500,B
36966,B
38640,B
9798,B
38882,B
75917,B
25619,B
63170,B
84173,B
59823,B
59273,B
11661,B
13948,B
22873,B
80382,B
90448,B
63922,B
98228,B
3853,B
63480,B
27569,B
75443,B
4684,B
99515,B
43956,B
22601,B
83085,B
25528,B
57766,B
58576,B
16814,B
18355,B
12215,B
34646,B
88901,B
83959,B
49111,B
91637,B
39557,B
89370,B
91414,B
64736,B
68834,B
9013,B
30241,B
5183,B
64252,B
93282,B
34008,B
14391,B
473,B
89204,B
33534,B
97147,B
20175,B
72224,B
96758,B
27538,B
88618,B
49130,B
73028,B
70833,B
75324,B
48692,B
58046,B
67236,B
2869,B
86527,B
39071,B
27710,B
26762,B
28593,B
52529,B
81546,B
85492,B
92442,B
67244,B
64906,B
84674,B
60386,B
27629,B
96868,B
20580,B
25569,B
39035,B
68722,B
24219,B
460,B
68608,B
23052,B
70378,B
74900,B
21060,B
68770,B
41899,B
89714,B
91181,B
51683,B
32551,B
79545,B
5442,B
76676,B
86534,B
19223,B
72094,B
32541,B
58656,B
29759,B
77894,B
50333,B
45243,B
74439,B
25334,B
20731,B
51969,B
31465,B
71459,B
92881,B
27815,B
87276,B
19645,B
30378,B
28096,B
54609,B
10758,B
44997,B
8074,B
45996,B
83425,B
71485,B
68386,B
47112,B
88541,B
73729,B
72212,B
10392,B
38500,B
45971,B
2950,B
84593,B
16310,B
38923,B
62351,B
44050,B
56788,B
93493,B
75634,B
10317,B
29081,B
27435,B
47124,B
61905,B
9833,B
60221,B
26115,B
10575,B
47973,B
77405,B
46530,B
70502,B
74623,B
88664,B
32323,B
80419,B
72735,B
21528,B
2519,B
15551,B
79040,B
70094,B
44557,B
1207,B
14017,B
6846,B
54322,B
3340,B
64556,B
68233,B
74306,B
77580,B
67171,B
56850,B
65659,B
33543,B
43582,B
50419,B
14921,B
22183,B
62585,B
24597,B
75093,B
97848,B
61365,B
4250,B
84857,B
86023,B
89005,B
4467,B
2049,B
57918,B
74432,B
6055,B
88496,B
9274,B
78218,B
30069,B
47106,B
68929,B
96843,B
62745,B
72393,B
39833,B
94269,B
81426,B
338,B
34373,B
21279,B
52258,B
33494,B
11192,B
71048,B
31435,B
29146,B
19469,B
75771,B
93475,B
66990,B
56005,B
23964,B
71188,B
74581,B
71921,B
11971,B
5360,B
26797,B
67100,B
10564,B
64834,B
73655,B
18532,B
34990,B
18817,B
28404,B
14018,B
9166,B
85542,B
13386,B
67208,B
98056,B
51161,B
69470,B
68560,B
14153,B
46424,B
75551,B
69465,B
4463,B
65666,B
49838,B
34479,B
18795,B
7655,B
61652,B
71816,B
30137,B
20686,B
95621,B
49558,B
20376,B
5112,B
11668,B
11864,B
8908,B
76232,B
42635,B
56320,B
52768,B
57648,B
40051,B
26128,B
95479,B
18806,B
42072,B
17989,B
72139,B
83993,B
28569,B
57114,B
40149,B
19046,B
12561,B
87615,B
18709,B
5691,B
53931,B
12064,B
72263,B
79136,B
94365,B
73071,B
91288,B
98281,B
61858,B
43572,B
91461,B
33583,B
52681,B
66435,B
15868,B
56629,B
41379,B
83903,B
15573,B
34232,B
83080,B
15932,B
13752,B
83608,B
82978,B
66746,B
54793,B
99935,B
88028,B
37178,B
50645,B
50630,B
90172,B
37404,B
77630,B
29829,B
57464,B
53685,B
12259,B
3133,B
20736,B
63503,B
1300,B
71611,B
84096,B
70523,B
10659,B
59831,B
54587,B
11753,B
54023,B
18086,B
9084,B
2554,B
58684,B
79985,B
65450,B
20151,B
62861,B
44580,B
10710,B
44075,B
53334,B
79463,B
26238,B
48660,B
63453,B
38446,B
89155,B
91902,B
71443,B
68889,B
25615,B
60356,B
37008,B
86878,B
63556,B
19312,B
24320,B
14756,B
64193,B
71149,B
75047,B
75121,B
8110,B
55944,B
85973,B
69634,B
78630,B
25377,B
19292,B
86117,B
98881,B
20603,B
18046,B
67787,B
2765,B
66550,B
34140,B
6091,B
56914,B
10269,B
16066,B
55141,B
65523,B
57296,B
52578,B
94886,B
81383,B
29085,B
19323,B
61204,B
3635,B
92520,B
44636,B
94027,B
14760,B
18143,B
72399,B
63826,B
11392,B
29115,B
79916,B
86359,B
59540,B
53002,B
71785,B
59190,B
14400,B
59925,B
85598,B
61500,B
68220,B
34312,B
95898,B
50051,B
30453,B
99030,B
82500,B
10134,B
26597,B
49412,B
54652,B
60645,B
28220,B
63944,B
70296,B
38501,B
43039,B
56595,B
23886,B
98912,B
66929,B
89053,B
63479,B
96143,B
78497,B
73988,B
27588,B
49138,B
53619,B
9841,B
91611,B
98286,B
58826,B
97670,B
33041,B
64730,B
70165,B
18929,B
284,B
95828,B
8957,B
30826,B
77898,B
20616,B
5107,B
10799,B
58256,B
71933,B
68923,B
74337,B
98213,B
91005,B
14539,B
37863,B
46369,B
83243,B
13849,B
39064,B
68691,B
34300,B
67836,B
33140,B
98066,B
17001,B
40665,B
54504,B
93143,B
11097,B
62035,B
22844,B
24720,B
79958,B
73257,B
92961,B
51798,B
65302,B
26847,B
66731,B
26665,B
62801,B
54153,B
11304,B
98861,B
49166,B
87060,B
31773,B
62510,B
50720,B
44272,B
37479,B
32232,B
38456,B
53290,B
83226,B
72205,B
47139,B
1281,B
86108,B
97983,B
59677,B
68253,B
24384,B
77163,B
98424,B
38683,B
91064,B
76993,B
36728,B
40099,B
54647,B
38063,B
89445,B
46583,B
93700,B
73488,B
47032,B
86668,B
36462,B
3380,B
22391,B
86270,B
75315,B
14964,B
40714,B
62526,B
14143,B
96052,B
1406,B
35029,B
66397,B
40918,B
67024,B
61721,B
33410,B
892,B
79736,B
57724,B
29434,B
44368,B
56117,B
32396,B
72619,B
83121,B
22673,B
87823,B
71735,B
71019,B
31220,B
804,B
38684,B
85012,B
31601,B
91375,B
35502,B
32302,B
20041,B
75053,B
30246,B
96063,B
43496,B
99057,B
66189,B
53905,B
6989,B
64621,B
50539,B
34572,B
92064,B
65339,B
96359,B
48723,B
96351,B
58338,B
13475,B
39554,B
29063,B
77523,B
81612,B
95734,B
38732,B
41974,B
40953,B
27528,B
56876,B
84054,B
10874,B
29143,B
24203,B
93264,B
78954,B
76030,B
26508,B
52897,B
51446,B
45688,B
60734,B
60036,B
36379,B
27567,B
58776,B
11305,B
72628,B
83250,B
55333,B
57335,B
92768,B
54806,B
46326,B
83602,B
83222,B
98455,B
59665,B
47600,B
29991,B
54937,B
3295,B
13764,B
12822,B
10630,B
38237,B
72406,B
15595,B
23101,B
48336,B
76072,B
60639,B
40795,B
87824,B
44515,B
94764,B
3432,B
23900,B
62334,B
2313,B
85349,B
84920,B
89016,B
94265,B
2337,B
93142,B
11217,B
53746,B
32182,B
32639,B
1005,B
18644,B
92268,B
55059,B
42194,B
12263,B
31521,B
93020,B
48130,B
91327,B
83650,B
86439,B
89806,B
93631,B
50718,B
97578,B
44729,B
75017,B
84700,B
68477,B
92663,B
72872,B
24663,B
27666,B
23212,B
47003,B
16278,B
79711,B
69990,B
52442,B
78922,B
86398,B
49264,B
83325,B
86288,B
67805,B
67920,B
109,B
18657,B
26895,B
36384,B
28745,B
84427,B
23414,B
8537,B
54111,B
50197,B
45567,B
70299,B
28654,B
14158,B
32254,B
81951,B
98578,B
90782,B
14601,B
25864,B
8032,B
22595,B
98502,B
66442,B
34168,B
89215,B
83864,B
40246,B
59228,B
72939,B
99598,B
69444,B
51973,B
5307,B
40514,B
76825,B
94974,B
99225,B
68667,B
84957,B
67479,B
5600,B
85777,B
32861,B
97828,B
84511,B
49802,B
96508,B
88756,B
54769,B
75059,B
1883,B
87507,B
28911,B
45590,B
85647,B
25049,B
45889,B
26143,B
50378,B
51901,B
41835,B
99234,B
33454,B
23753,B
29128,B
55162,B
10936,B
17262,B
38730,B
24305,B
56554,B
36518,B
45397,B
38512,B
17145,B
81365,B
50163,B
46766,B
20333,B
28123,B
95415,B
90657,B
77658,B
92423,B
44545,B
91175,B
26048,B
22400,B
30073,B
40762,B
32413,B
16325,B
94578,B
32224,B
68209,B
46709,B
56449,B
79613,B
49969,B
72892,B
49408,B
84991,B
55414,B
99027,B
35836,B
98372,B
55057,B
2576,B
16621,B
66489,B
94964,B
90721,B
56608,B
24710,B
2020,B
10657,B
46059,B
35195,B
31573,B
43141,B
90709,B
35426,B
77371,B
92908,B
82378,B
76630,B
32372,B
27529,B
56630,B
72065,B
41362,B
75364,B
91597,B
96159,B
79827,B
51632,B
35909,B
8011,B
70349,B
25973,B
66088,B
59071,B
26476,B
29847,B
41964,B
35232,B
96328,B
93826,B
81554,B
4765,B
86694,B
86172,B
52350,B
81811,B
93450,B
18032,B
35462,B
32459,B
71430,B
38397,B
58145,B
84465,B
84431,B
72562,B
81506,B
70802,B
42888,B
93682,B
66934,B
12646,B
55898,B
92003,B
22889,B
35027,B
39583,B
57415,B
18502,B
89732,B
26251,B
67475,B
21827,B
90650,B
99047,B
50239,B
95943,B
89731,B
27797,B
91815,B
44834,B
92333,B
40301,B
21155,B
81019,B
73125,B
80911,B
38056,B
40164,B
8438,B
53520,B
91748,B
37623,B
38037,B
86244,B
32895,B
58971,B
45466,B
50430,B
19910,B
42315,B
45145,B
34028,B
17912,B
5808,B
83717,B
39957,B
4100,B
27380,B
411,B
74848,B
89716,B
54352,B
59563,B
83183,B
12419,B
73661,B
72731,B
78959,B
72679,B
25014,B
55086,B
5213,B
55582,B
6718,B
2503,B
61662,B
41735,B
24439,B
51857,B
34362,B
15807,B
26449,B
57761,B
39505,B
6237,B
71899,B
9329,B
45528,B
56849,B
10199,B
28985,B
89610,B
5194,B
22282,B
69391,B
63854,B
23894,B
85726,B
46411,B
4339,B
90641,B
39659,B
8813,B
62366,B
22622,B
36358,B
71689,B
60361,B
79405,B
45013,B
12281,B
82062,B
18973,B
10258,B
74994,B
16922,B
98233,B
55172,B
72604,B
86177,B
45134,B
10858,B
51238,B
99479,B
74023,B
92160,B
33308,B
33507,B
85978,B
7068,B
33486,B
52209,B
13292,B
79390,B
26231,B
86698,B
3178,B
55960,B
25715,B
47474,B
12610,B
47605,B
60820,B
76525,B
6998,B
4376,B
659,B
80761,B
48610,B
3387,B
44530,B
91470,B
52794,B
58360,B
54463,B
9886,B
44500,B
59044,B
91140,B
47293,B
49117,B
33500,B
34205,B
58272,B
90442,B
2973,B
26645,B
73679,B
43025,B
41159,B
95611,B
16649,B
7078,B
33712,B
64954,B
79530,B
58197,B
42930,B
76163,B
98410,B
82748,B
79344,B
41303,B
90654,B
22082,B
58270,B
30414,B
42427,B
58417,B
43071,B
48836,B
30756,B
84972,B
93591,B
4617,B
56134,B
78009,B
16523,B
85725,B
30456,B
546,B
17307,B
92691,B
12628,B
64166,B
49474,B
21805,B
64133,B
18122,B
76043,B
59306,B
81611,B
25454,B
17819,B
2340,B
9135,B
5818,B
94191,B
40516,B
61170,B
96427,B
86018,B
71045,B
34347,B
33127,B
13643,B
9636,B
75866,B
80325,B
81403,B
85878,B
93339,B
10080,B
6166,B
13057,B
5711,B
57287,B
11207,B
78440,B
87231,B
53256,B
434,B
78944,B
20118,B
17052,B
75299,B
26554,B
77154,B
44415,B
15224,B
42856,B
1457,B
10692,B
47924,B
89412,B
68960,B
18941,B
28646,B
62771,B
54837,B
80044,B
85334,B
70330,B
89385,B
44948,B
55802,B
61636,B
88766,B
73377,B
26275,B
489,B
65579,B
33391,B
33150,B
20759,B
15307,B
85079,B
53764,B
13443,B
15220,B
81452,B
78979,B
2595,B
45046,B
75190,B
80095,B
99320,B
49799,B
33841,B
88727,B
99144,B
84617,B
7829,B
13086,B
26912,B
76299,B
64577,B
26365,B
40865,B
62407,B
25483,B
65423,B
62587,B
82493,B
56920,B
20038,B
31780,B
6577,B
90635,B
60325,B
79018,B
89621,B
23332,B
73586,B
79327,B
51600,B
31608,B
26248,B
17205,B
89014,B
19015,B
98085,B
2807,B
43482,B
16323,B
21149,B
73758,B
76080,B
41456,B
1641,B
48163,B
11430,B
5902,B
73280,B
7076,B
13433,B
72093,B
63021,B
7126,B
96190,B
61684,B
17179,B
56834,B
99710,B
91718,B
85930,B
72762,B
38167,B
99889,B
54506,B
93379,B
64063,B
64490,B
86888,B
48502,B
98767,B
33889,B
30058,B
51994,B
52885,B
14184,B
8482,B
72941,B
47266,B
33352,B
31244,B
28055,B
4422,B
90605,B
5034,B
15678,B
38073,B
88145,B
52535,B
12819,B
64242,B
16672,B
18566,B
38432,B
83878,B
86701,B
55476,B
88859,B
32888,B
97824,B
45529,B
57189,B
3619,B
7476,B
62374,B
9866,B
3694,B
85850,B
30575,B
96879,B
60102,B
97941,B
17905,B
49760,B
71092,B
83052,B
34703,B
76451,B
80161,B
81372,B
98864,B
99882,B
47742,B
67821,B
84249,B
60924,B
56375,B
73848,B
5539,B
29857,B
70053,B
77895,B
33985,B
53831,B
68264,B
42447,B
60124,B
8036,B
40536,B
27336,B
83271,B
97060,B
83274,B
87045,B
96218,B
11658,B
61982,B
88487,B
47748,B
95265,B
60299,B
94541,B
12250,B
97138,B
89110,B
95289,B
58126,B
2153,B
35691,B
94645,B
4094,B
1859,B
64058,B
10232,B
97881,B
57838,B
9,B
47477,B
77237,B
63533,B
36998,B
26724,B
72287,B
49014,B
36262,B
82653,B
34320,B
3081,B
98585,B
37729,B
20679,B
89273,B
72638,B
30945,B
19824,B
88201,B
80487,B
30119,B
57958,B
59100,B
63738,B
29057,B
88021,B
65497,B
55665,B
86783,B
61419,B
97156,B
22655,B
50284,B
6549,B
16397,B
39177,B
728,B
52651,B
59123,B
28490,B
98015,B
29292,B
32491,B
18454,B
85413,B
7965,B
72162,B
94619,B
17545,B
49829,B
46560,B
83155,B
15824,B
79462,B
32712,B
18677,B
19579,B
86583,B
30292,B
32919,B
8628,B
77670,B
85361,B
43442,B
38999,B
31967,B
72431,B
4320,B
93943,B
70628,B
22142,B
17330,B
78128,B
40130,B
55730,B
61984,B
3948,B
62851,B
61061,B
68552,B
85062,B
87735,B
50513,B
17248,B
83400,B
61845,B
21047,B
84309,B
47060,B
1390,B
37918,B
52179,B
25117,B
87445,B
10708,B
69233,B
54974,B
43228,B
72704,B
55950,B
55037,B
14524,B
10891,B
23930,B
30770,B
35682,B
39872,B
84415,B
2353,B
31021,B
9190,B
21288,B
27085,B
49775,B
84121,B
38039,B
34505,B
50225,B
43908,B
68463,B
26210,B
19362,B
60812,B
94215,B
27458,B
3160,B
85360,B
78683,B
88292,B
59346,B
54748,B
1974,B
88467,B
21613,B
36371,B
4869,B
78618,B
67209,B
59935,B
54768,B
35722,B
15901,B
66372,B
14936,B
70919,B
40728,B
35182,B
83640,B
77770,B
73697,B
39591,B
53632,B
82247,B
95284,B
66893,B
8641,B
38089,B
52371,B
73948,B
22577,B
76229,B
7266,B
39803,B
59353,B
4907,B
83899,B
66464,B
69813,B
67498,B
17590,B
15100,B
42357,B
40759,B
9122,B
58927,B
97441,B
25429,B
25457,B
34399,B
23246,B
23507,B
46459,B
90043,B
57050,B
62664,B
50606,B
89369,B
69198,B
28006,B
77816,B
10988,B
99937,B
12943,B
82531,B
18999,B
58032,B
52241,B
40664,B
51162,B
62980,B
84013,B
31247,B
58891,B
68666,B
66939,B
45492,B
91590,B
76828,B
63639,B
51749,B
62272,B
54388,B
94494,B
47432,B
55391,B
12726,B
55664,B
27253,B
83588,B
67122,B
25794,B
15911,B
78631,B
97100,B
32853,B
71450,B
44825,B
26507,B
37246,B
29706,B
82589,B
48715,B
63104,B
13689,B
97368,B
54780,B
50760,B
24859,B
53125,B
97119,B
10739,B
20404,B
35072,B
93555,B
10075,B
82051,B
37429,B
14292,B
28765,B
27573,B
54481,B
16603,B
26391,B
17791,B
31600,B
37814,B
58750,B
39460,B
40594,B
99917,B
63635,B
56089,B
53273,B
16587,B
69861,B
14797,B
7136,B
56380,B
91796,B
59766,B
19914,B
84862,B
18652,B
60326,B
17474,B
24977,B
83752,B
20710,B
88194,B
87971,B
41189,B
7891,B
50194,B
12549,B
5862,B
44326,B
21291,B
60443,B
19959,B
21298,B
83802,B
47713,B
53460,B
29978,B
2637,B
22445,B
12650,B
48685,B
49417,B
74605,B
5619,B
38793,B
10851,B
92352,B
74710,B
11215,B
16379,B
24730,B
73016,B
19023,B
95400,B
16735,B
90599,B
64723,B
21341,B
46829,B
84905,B
22058,B
35123,B
14275,B
46738,B
81963,B
70758,B
56740,B
42931,B
16868,B
10229,B
19227,B
30844,B
10062,B
53396,B
5235,B
53343,B
77340,B
31790,B
34156,B
69393,B
58954,B
9894,B
45873,B
55139,B
68760,B
91505,B
2760,B
21896,B
98556,B
34901,B
49004,B
8070,B
11502,B
70773,B
83883,B
82396,B
61459,B
47382,B
41985,B
87214,B
48799,B
11124,B
33933,B
93772,B
68597,B
18229,B
19472,B
98719,B
94251,B
28212,B
54205,B
86603,B
69046,B
45248,B
59808,B
66788,B
70624,B
39952,B
22371,B
57073,B
11740,B
50080,B
99327,B
82362,B
8415,B
54179,B
94401,B
43747,B
82954,B
88719,B
46749,B
91623,B
71313,B
62559,B
89154,B
48710,B
67040,B
82281,B
40784,B
29163,B
59985,B
70724,B
14581,B
23,B
74334,B
83925,B
90872,B
66570,B
97731,B
27654,B
64872,B
62640,B
43666,B
8170,B
42354,B
79301,B
93804,B
62251,B
27421,B
26196,B
5800,B
46451,B
13538,B
82139,B
48170,B
88537,B
17220,B
96918,B
64900,B
97316,B
4079,B
84247,B
11978,B
89723,B
49251,B
60209,B
15232,B
16090,B
36865,B
48640,B
92670,B
15422,B
84361,B
95380,B
50287,B
47755,B
21388,B
98442,B
56287,B
56815,B
4432,B
85207,B
22056,B
67163,B
79618,B
81325,B
97692,B
57004,B
61626,B
62140,B
75041,B
42908,B
39894,B
35606,B
47082,B
74031,B
74621,B
63581,B
55615,B
95552,B
24152,B
84042,B
96150,B
27925,B
14331,B
47133,B
28926,B
40674,B
73668,B
17259,B
29917,B
58601,B
7314,B
91067,B
89544,B
89692,B
48994,B
19628,B
49192,B
93510,B
11309,B
10170,B
76050,B
1718,B
93755,B
44556,B
75397,B
68179,B
79169,B
74709,B
75572,B
46979,B
41979,B
67222,B
8247,B
15581,B
50688,B
49492,B
6594,B
32872,B
40779,B
16966,B
83661,B
10982,B
37177,B
83949,B
47158,B
57684,B
80876,B
26013,B
53244,B
2183,B
59398,B
14740,B
31543,B
23005,B
4465,B
48243,B
53910,B
30916,B
81294,B
43171,B
2628,B
47421,B
35537,B
55403,B
53652,B
99294,B
30654,B
70356,B
37706,B
56683,B
57765,B
84847,B
91688,B
413,B
93249,B
74116,B
46611,B
81568,B
61025,B
47852,B
7777,B
28987,B
53108,B
8843,B
93466,B
35906,B
1728,B
54383,B
23434,B
48727,B
49429,B
44383,B
62183,B
65600,B
73385,B
56088,B
54128,B
83296,B
68019,B
1562,B
32164,B
12172,B
35234,B
90445,B
98941,B
3039,B
74603,B
48563,B
25988,B
23977,B
5418,B
17241,B
20521,B
32342,B
53927,B
31409,B
67772,B
63321,B
66101,B
20901,B
50593,B
81686,B
3739,B
58938,B
89711,B
23331,B
23895,B
13736,B
34276,B
68499,B
72633,B
77243,B
73877,B
93130,B
57063,B
6726,B
47360,B
90939,B
11681,B
50370,B
79724,B
59214,B
62211,B
69271,B
91412,B
61512,B
97343,B
51491,B
6506,B
8893,B
622,B
97266,B
37750,B
31554,B
76356,B
88435,B
71452,B
30541,B
98902,B
39525,B
96938,B
42642,B
77613,B
84462,B
97204,B
88216,B
53860,B
64928,B
53408,B
81288,B
24182,B
26595,B
96696,B
78365,B
12465,B
3318,B
93301,B
46574,B
90532,B
58219,B
1844,B
92192,B
80660,B
56559,B
51371,B
86146,B
7551,B
71076,B
56279,B
2497,B
94096,B
16562,B
59613,B
66954,B
23527,B
22740,B
7716,B
60354,B
74411,B
80946,B
62483,B
41600,B
38009,B
38747,B
56667,B
44253,B
39900,B
11742,B
87201,B
92695,B
58291,B
82429,B
64699,B
95008,B
12166,B
45666,B
96559,B
92315,B
56616,B
84776,B
2534,B
21282,B
28749,B
4511,B
65030,B
36706,B
13919,B
88313,B
21746,B
50182,B
42238,B
81982,B
93974,B
29619,B
31128,B
36140,B
37015,B
51330,B
45547,B
69120,B
33649,B
20517,B
26877,B
14146,B
34444,B
55121,B
22866,B
35334,B
5480,B
69281,B
23564,B
51068,B
75245,B
92889,B
46367,B
41261,B
27663,B
49876,B
23565,B
65575,B
55423,B
55415,B
36033,B
56928,B
54904,B
32322,B
32110,B
94863,B
62189,B
85626,B
83202,B
97569,B
65027,B
5714,B
33632,B
4099,B
39034,B
90539,B
82087,B
10624,B
36181,B
42400,B
26691,B
90252,B
33558,B
55229,B
17986,B
91700,B
59583,B
65563,B
33221,B
50639,B
5805,B
59861,B
93063,B
38897,B
59442,B
37144,B
63272,B
31594,B
80018,B
78474,B
82329,B
64180,B
9233,B
11778,B
62086,B
49792,B
57211,B
68279,B
62281,B
19152,B
84813,B
35899,B
7110,B
63557,B
67074,B
85619,B
52605,B
97778,B
79558,B
38616,B
58477,B
65040,B
13305,B
78482,B
22713,B
64014,B
98456,B
41591,B
90903,B
71325,B
90082,B
48451,B
38557,B
85335,B
1798,B
72966,B
45645,B
48341,B
18220,B
59517,B
2633,B
22240,B
42060,B
42250,B
53814,B
9154,B
57386,B
25132,B
23846,B
31880,B
89718,B
47568,B
50137,B
61322,B
50971,B
6596,B
75003,B
51750,B
57980,B
78901,B
50530,B
5922,B
88811,B
3536,B
89555,B
88135,B
51888,B
51380,B
67294,B
